VDS,VBS,ID1,ID2
0,-0.5,0.00000015917,0.00000015656
0.01,-0.5,0.000030034,0.000029945
0.02,-0.5,0.000059299,0.000059337
0.03,-0.5,0.00009079,0.000090747
0.04,-0.5,0.00011978,0.0001198
0.05,-0.5,0.00014855,0.00014843
0.06,-0.5,0.000177,0.000177
0.07,-0.5,0.00020531,0.0002053
0.08,-0.5,0.00023343,0.00023339
0.09,-0.5,0.00026369,0.00026362
0.1,-0.5,0.00029111,0.00029112
0.11,-0.5,0.00031849,0.00031846
0.12,-0.5,0.0003456,0.00034546
0.13,-0.5,0.00037232,0.00037234
0.14,-0.5,0.000401,0.00040098
0.15,-0.5,0.00042727,0.00042725
0.16,-0.5,0.00045331,0.00045317
0.17,-0.5,0.00047905,0.00047899
0.18,-0.5,0.00050454,0.00050443
0.19,-0.5,0.00053188,0.00053176
0.2,-0.5,0.00055668,0.00055668
0.21,-0.5,0.00058135,0.00058127
0.22,-0.5,0.00060567,0.00060558
0.23,-0.5,0.0006297,0.00062959
0.24,-0.5,0.00065525,0.00065515
0.25,-0.5,0.0006787,0.00067863
0.26,-0.5,0.00070188,0.00070168
0.27,-0.5,0.00072468,0.00072452
0.28,-0.5,0.00074719,0.00074712
0.29,-0.5,0.00077116,0.00077111
0.3,-0.5,0.00079313,0.00079295
0.31,-0.5,0.00081455,0.0008145
0.32,-0.5,0.00083584,0.00083574
0.33,-0.5,0.00085675,0.0008567
0.34,-0.5,0.00087895,0.0008788
0.35,-0.5,0.00089915,0.00089907
0.36,-0.5,0.00091912,0.00091902
0.37,-0.5,0.0009388,0.00093858
0.38,-0.5,0.00095816,0.00095803
0.39,-0.5,0.00097862,0.00097846
0.4,-0.5,0.00099721,0.00099707
0.41,-0.5,0.00101542,0.00101531
0.42,-0.5,0.00103336,0.00103329
0.43,-0.5,0.00105105,0.00105103
0.44,-0.5,0.00106967,0.00106961
0.45,-0.5,0.00108668,0.00108662
0.46,-0.5,0.00110329,0.00110321
0.47,-0.5,0.00111961,0.00111952
0.48,-0.5,0.00113574,0.00113565
0.49,-0.5,0.0011527,0.0011526
0.5,-0.5,0.0011679,0.0011678
0.51,-0.5,0.0011829,0.0011828
0.52,-0.5,0.0011974,0.0011973
0.53,-0.5,0.001212,0.0012118
0.54,-0.5,0.0012271,0.0012269
0.55,-0.5,0.0012407,0.0012406
0.56,-0.5,0.0012542,0.001254
0.57,-0.5,0.0012673,0.001267
0.58,-0.5,0.0012801,0.00128
0.59,-0.5,0.0012935,0.0012934
0.6,-0.5,0.0013054,0.0013056
0.61,-0.5,0.0013174,0.0013171
0.62,-0.5,0.001329,0.0013287
0.63,-0.5,0.0013402,0.0013402
0.64,-0.5,0.0013517,0.0013517
0.65,-0.5,0.0013627,0.0013624
0.66,-0.5,0.0013729,0.0013729
0.67,-0.5,0.001383,0.0013829
0.68,-0.5,0.0013929,0.0013928
0.69,-0.5,0.0014025,0.0014021
0.7,-0.5,0.0014123,0.0014118
0.71,-0.5,0.001421,0.001421
0.72,-0.5,0.0014299,0.0014296
0.73,-0.5,0.0014382,0.0014379
0.74,-0.5,0.0014462,0.0014462
0.75,-0.5,0.0014549,0.0014549
0.76,-0.5,0.0014628,0.0014625
0.77,-0.5,0.00147,0.0014701
0.78,-0.5,0.0014771,0.0014772
0.79,-0.5,0.0014843,0.0014837
0.8,-0.5,0.0014914,0.0014914
0.81,-0.5,0.0014979,0.0014977
0.82,-0.5,0.0015042,0.001504
0.83,-0.5,0.0015103,0.0015099
0.84,-0.5,0.0015159,0.0015158
0.85,-0.5,0.001522,0.0015219
0.86,-0.5,0.0015276,0.0015273
0.87,-0.5,0.0015327,0.0015327
0.88,-0.5,0.0015378,0.0015377
0.89,-0.5,0.0015428,0.0015428
0.9,-0.5,0.0015478,0.0015475
0.91,-0.5,0.0015525,0.0015523
0.92,-0.5,0.0015568,0.0015566
0.93,-0.5,0.001561,0.0015608
0.94,-0.5,0.0015649,0.0015649
0.95,-0.5,0.0015691,0.001569
0.96,-0.5,0.0015729,0.0015728
0.97,-0.5,0.0015766,0.0015765
0.98,-0.5,0.0015801,0.0015802
0.99,-0.5,0.0015833,0.0015833
1,-0.5,0.0015869,0.0015867
1.01,-0.5,0.0015899,0.0015899
1.02,-0.5,0.0015929,0.0015929
1.03,-0.5,0.0015958,0.0015956
1.04,-0.5,0.0015986,0.0015983
1.05,-0.5,0.0016016,0.0016015
1.06,-0.5,0.001604,0.0016039
1.07,-0.5,0.0016063,0.0016066
1.08,-0.5,0.0016087,0.0016086
1.09,-0.5,0.001611,0.001611
1.1,-0.5,0.0016135,0.0016133
1.11,-0.5,0.0016156,0.0016156
1.12,-0.5,0.0016177,0.0016176
1.13,-0.5,0.0016198,0.0016196
1.14,-0.5,0.0016216,0.0016213
1.15,-0.5,0.0016238,0.0016237
1.16,-0.5,0.0016255,0.0016252
1.17,-0.5,0.0016271,0.0016272
1.18,-0.5,0.0016288,0.0016288
1.19,-0.5,0.0016304,0.0016302
1.2,-0.5,0.0016322,0.0016319
1.21,-0.5,0.0016337,0.0016332
1.22,-0.5,0.0016352,0.0016347
1.23,-0.5,0.0016366,0.0016361
1.24,-0.5,0.0016378,0.0016378
1.25,-0.5,0.0016392,0.0016392
1.26,-0.5,0.0016407,0.0016403
1.27,-0.5,0.0016418,0.0016417
1.28,-0.5,0.0016431,0.0016429
1.29,-0.5,0.0016443,0.0016443
1.3,-0.5,0.0016455,0.0016454
1.31,-0.5,0.0016465,0.0016466
1.32,-0.5,0.0016478,0.0016477
1.33,-0.5,0.001649,0.0016485
1.34,-0.5,0.0016497,0.0016498
1.35,-0.5,0.0016509,0.0016508
1.36,-0.5,0.001652,0.001652
1.37,-0.5,0.0016529,0.001653
1.38,-0.5,0.0016538,0.0016538
1.39,-0.5,0.0016548,0.0016544
1.4,-0.5,0.0016556,0.0016554
1.41,-0.5,0.0016568,0.0016566
1.42,-0.5,0.0016576,0.0016573
1.43,-0.5,0.0016583,0.0016583
1.44,-0.5,0.0016591,0.001659
1.45,-0.5,0.00166,0.0016597
1.46,-0.5,0.0016608,0.0016605
1.47,-0.5,0.0016614,0.0016615
1.48,-0.5,0.0016624,0.001662
1.49,-0.5,0.001663,0.0016629
1.5,-0.5,0.0016637,0.0016637
1.51,-0.5,0.0016644,0.0016645
1.52,-0.5,0.0016651,0.0016651
1.53,-0.5,0.0016659,0.0016658
1.54,-0.5,0.0016664,0.0016665
1.55,-0.5,0.0016675,0.0016669
1.56,-0.5,0.001668,0.0016678
1.57,-0.5,0.0016687,0.0016687
1.58,-0.5,0.0016692,0.001669
1.59,-0.5,0.0016699,0.0016697
1.6,-0.5,0.0016706,0.0016704
1.61,-0.5,0.0016714,0.0016711
1.62,-0.5,0.0016719,0.0016717
1.63,-0.5,0.0016723,0.0016722
1.64,-0.5,0.0016729,0.0016727
1.65,-0.5,0.0016736,0.0016733
1.66,-0.5,0.0016741,0.001674
1.67,-0.5,0.0016748,0.0016745
1.68,-0.5,0.0016752,0.001675
1.69,-0.5,0.0016758,0.0016753
1.7,-0.5,0.0016761,0.001676
1.71,-0.5,0.0016767,0.0016766
1.72,-0.5,0.0016772,0.0016773
1.73,-0.5,0.0016779,0.0016779
1.74,-0.5,0.0016782,0.0016783
1.75,-0.5,0.0016788,0.0016786
1.76,-0.5,0.0016794,0.0016793
1.77,-0.5,0.0016799,0.0016796
1.78,-0.5,0.0016802,0.0016799
1.79,-0.5,0.0016807,0.0016806
1.8,-0.5,0.0016814,0.0016811
1.81,-0.5,0.0016817,0.0016816
1.82,-0.5,0.0016824,0.0016822
1.83,-0.5,0.0016825,0.0016826
1.84,-0.5,0.0016831,0.001683
1.85,-0.5,0.0016835,0.0016834
1.86,-0.5,0.0016838,0.0016838
1.87,-0.5,0.0016844,0.0016842
1.88,-0.5,0.0016848,0.0016847
1.89,-0.5,0.0016852,0.001685
1.9,-0.5,0.0016855,0.0016856
1.91,-0.5,0.0016863,0.0016859
1.92,-0.5,0.0016866,0.0016863
1.93,-0.5,0.001687,0.0016868
1.94,-0.5,0.0016875,0.0016875
1.95,-0.5,0.0016878,0.0016876
1.96,-0.5,0.0016882,0.0016881
1.97,-0.5,0.0016884,0.0016886
1.98,-0.5,0.0016892,0.001689
1.99,-0.5,0.0016892,0.0016893
2,-0.5,0.0016896,0.0016896
2.01,-0.5,0.0016901,0.00169
2.02,-0.5,0.0016905,0.0016905
2.03,-0.5,0.0016908,0.0016908
2.04,-0.5,0.0016913,0.0016913
2.05,-0.5,0.0016919,0.0016916
2.06,-0.5,0.0016923,0.0016918
2.07,-0.5,0.0016926,0.0016924
2.08,-0.5,0.001693,0.0016926
2.09,-0.5,0.0016932,0.0016931
2.1,-0.5,0.0016934,0.0016935
2.11,-0.5,0.0016938,0.0016937
2.12,-0.5,0.0016944,0.0016942
2.13,-0.5,0.0016945,0.0016945
2.14,-0.5,0.001695,0.001695
2.15,-0.5,0.0016952,0.0016953
2.16,-0.5,0.0016955,0.0016955
2.17,-0.5,0.001696,0.0016959
2.18,-0.5,0.0016965,0.0016961
2.19,-0.5,0.0016966,0.0016963
2.2,-0.5,0.001697,0.0016968
2.21,-0.5,0.0016973,0.0016973
2.22,-0.5,0.0016974,0.0016976
2.23,-0.5,0.0016978,0.0016979
2.24,-0.5,0.0016984,0.0016981
2.25,-0.5,0.0016985,0.0016986
2.26,-0.5,0.0016989,0.0016989
2.27,-0.5,0.0016992,0.0016992
2.28,-0.5,0.0016997,0.0016995
2.29,-0.5,0.0016998,0.0016998
2.3,-0.5,0.0017,0.0017
2.31,-0.5,0.0017006,0.0017003
2.32,-0.5,0.0017009,0.001701
2.33,-0.5,0.0017012,0.001701
2.34,-0.5,0.0017014,0.0017014
2.35,-0.5,0.0017016,0.0017015
2.36,-0.5,0.001702,0.0017021
2.37,-0.5,0.0017023,0.0017024
2.38,-0.5,0.0017026,0.0017024
2.39,-0.5,0.001703,0.0017027
2.4,-0.5,0.0017033,0.0017034
2.41,-0.5,0.0017035,0.0017034
2.42,-0.5,0.0017039,0.0017038
2.43,-0.5,0.0017039,0.0017039
2.44,-0.5,0.0017042,0.0017044
2.45,-0.5,0.0017048,0.0017045
2.46,-0.5,0.0017051,0.001705
2.47,-0.5,0.0017052,0.0017052
2.48,-0.5,0.0017057,0.0017054
2.49,-0.5,0.0017061,0.0017057
2.5,-0.5,0.0017062,0.001706
2.51,-0.5,0.0017063,0.0017063
2.52,-0.5,0.0017066,0.0017067
2.53,-0.5,0.001707,0.0017069
2.54,-0.5,0.0017072,0.0017072
2.55,-0.5,0.0017075,0.0017076
2.56,-0.5,0.0017079,0.0017078
2.57,-0.5,0.0017081,0.0017081
2.58,-0.5,0.0017083,0.0017084
2.59,-0.5,0.0017087,0.0017086
2.6,-0.5,0.0017091,0.0017088
2.61,-0.5,0.0017093,0.0017091
2.62,-0.5,0.0017094,0.0017093
2.63,-0.5,0.0017099,0.0017099
2.64,-0.5,0.0017101,0.00171
2.65,-0.5,0.0017104,0.0017102
2.66,-0.5,0.0017106,0.0017105
2.67,-0.5,0.0017108,0.0017109
2.68,-0.5,0.0017112,0.0017111
2.69,-0.5,0.0017114,0.0017114
2.7,-0.5,0.0017117,0.0017117
2.71,-0.5,0.0017118,0.0017117
2.72,-0.5,0.0017123,0.0017123
2.73,-0.5,0.0017125,0.0017123
2.74,-0.5,0.0017129,0.0017128
2.75,-0.5,0.0017129,0.001713
2.76,-0.5,0.0017132,0.0017132
2.77,-0.5,0.0017135,0.0017135
2.78,-0.5,0.0017138,0.0017136
2.79,-0.5,0.0017139,0.0017141
2.8,-0.5,0.0017143,0.0017143
2.81,-0.5,0.0017144,0.0017144
2.82,-0.5,0.0017147,0.0017147
2.83,-0.5,0.0017151,0.0017149
2.84,-0.5,0.0017155,0.0017153
2.85,-0.5,0.0017156,0.0017154
2.86,-0.5,0.0017157,0.0017158
2.87,-0.5,0.0017161,0.0017161
2.88,-0.5,0.0017165,0.0017164
2.89,-0.5,0.0017166,0.0017166
2.9,-0.5,0.0017171,0.0017168
2.91,-0.5,0.0017171,0.0017171
2.92,-0.5,0.0017173,0.0017172
2.93,-0.5,0.0017174,0.0017177
2.94,-0.5,0.0017177,0.0017178
2.95,-0.5,0.0017182,0.0017181
2.96,-0.5,0.0017182,0.0017183
2.97,-0.5,0.0017186,0.0017185
2.98,-0.5,0.0017188,0.0017189
2.99,-0.5,0.0017191,0.0017193
3,-0.5,0.0017193,0.0017193
3.01,-0.5,0.0017196,0.0017197
3.02,-0.5,0.0017199,0.0017197
3.03,-0.5,0.0017201,0.0017201
3.04,-0.5,0.0017203,0.0017202
3.05,-0.5,0.0017205,0.0017205
3.06,-0.5,0.0017207,0.0017207
3.07,-0.5,0.0017211,0.0017208
3.08,-0.5,0.0017213,0.0017213
3.09,-0.5,0.0017214,0.0017215
3.1,-0.5,0.0017217,0.0017218
3.11,-0.5,0.001722,0.001722
3.12,-0.5,0.0017223,0.0017221
3.13,-0.5,0.0017225,0.0017226
3.14,-0.5,0.0017229,0.0017226
3.15,-0.5,0.0017232,0.001723
3.16,-0.5,0.0017232,0.0017231
3.17,-0.5,0.0017237,0.0017234
3.18,-0.5,0.0017237,0.0017236
3.19,-0.5,0.0017239,0.0017238
3.2,-0.5,0.0017241,0.0017241
3.21,-0.5,0.0017243,0.0017245
3.22,-0.5,0.0017245,0.0017247
3.23,-0.5,0.001725,0.0017249
3.24,-0.5,0.0017252,0.0017252
3.25,-0.5,0.0017254,0.0017255
3.26,-0.5,0.0017256,0.0017254
3.27,-0.5,0.001726,0.0017259
3.28,-0.5,0.0017261,0.001726
3.29,-0.5,0.0017265,0.0017263
3.3,-0.5,0.0017266,0.0017265
3.31,-0.5,0.0017269,0.0017268
3.32,-0.5,0.0017271,0.0017273
3.33,-0.5,0.0017274,0.0017272
3.34,-0.5,0.0017276,0.0017276
3.35,-0.5,0.0017278,0.0017278
3.36,-0.5,0.001728,0.0017278
3.37,-0.5,0.0017284,0.0017284
3.38,-0.5,0.0017285,0.0017284
3.39,-0.5,0.0017287,0.0017289
3.4,-0.5,0.001729,0.0017289
3.41,-0.5,0.0017292,0.0017291
3.42,-0.5,0.0017294,0.0017293
3.43,-0.5,0.0017298,0.0017295
3.44,-0.5,0.0017298,0.00173
3.45,-0.5,0.0017302,0.0017301
3.46,-0.5,0.0017307,0.0017304
3.47,-0.5,0.0017308,0.0017306
3.48,-0.5,0.001731,0.0017307
3.49,-0.5,0.0017313,0.0017309
3.5,-0.5,0.0017314,0.0017313
3.51,-0.5,0.0017314,0.0017315
3.52,-0.5,0.0017319,0.0017317
3.53,-0.5,0.001732,0.0017321
3.54,-0.5,0.0017323,0.0017322
3.55,-0.5,0.0017326,0.0017323
3.56,-0.5,0.0017328,0.0017326
3.57,-0.5,0.0017333,0.0017328
3.58,-0.5,0.0017333,0.0017329
3.59,-0.5,0.0017337,0.0017332
3.6,-0.5,0.0017338,0.0017336
3.61,-0.5,0.001734,0.0017338
3.62,-0.5,0.0017341,0.0017341
3.63,-0.5,0.0017344,0.0017344
3.64,-0.5,0.0017347,0.0017345
3.65,-0.5,0.001735,0.0017349
3.66,-0.5,0.0017353,0.0017352
3.67,-0.5,0.0017354,0.0017354
3.68,-0.5,0.0017356,0.0017355
3.69,-0.5,0.001736,0.0017356
3.7,-0.5,0.0017362,0.001736
3.71,-0.5,0.0017362,0.0017364
3.72,-0.5,0.0017368,0.0017365
3.73,-0.5,0.0017368,0.0017368
3.74,-0.5,0.0017369,0.0017371
3.75,-0.5,0.0017374,0.0017372
3.76,-0.5,0.0017376,0.0017373
3.77,-0.5,0.001738,0.0017379
3.78,-0.5,0.0017382,0.001738
3.79,-0.5,0.0017384,0.0017383
3.8,-0.5,0.0017388,0.0017385
3.81,-0.5,0.0017391,0.0017389
3.82,-0.5,0.0017391,0.0017392
3.83,-0.5,0.0017396,0.0017393
3.84,-0.5,0.0017397,0.0017397
3.85,-0.5,0.00174,0.0017399
3.86,-0.5,0.0017403,0.0017399
3.87,-0.5,0.0017406,0.0017404
3.88,-0.5,0.0017408,0.0017406
3.89,-0.5,0.0017409,0.0017409
3.9,-0.5,0.0017413,0.0017413
3.91,-0.5,0.0017416,0.0017415
3.92,-0.5,0.001742,0.0017416
3.93,-0.5,0.0017421,0.001742
3.94,-0.5,0.0017425,0.0017423
3.95,-0.5,0.0017427,0.0017424
3.96,-0.5,0.0017431,0.0017427
3.97,-0.5,0.0017433,0.0017432
3.98,-0.5,0.0017438,0.0017433
3.99,-0.5,0.0017437,0.0017437
4,-0.5,0.0017442,0.0017442
4.01,-0.5,0.0017444,0.0017443
4.02,-0.5,0.0017447,0.0017446
4.03,-0.5,0.0017449,0.0017449
4.04,-0.5,0.0017452,0.001745
4.05,-0.5,0.0017456,0.0017454
4.06,-0.5,0.0017458,0.0017457
4.07,-0.5,0.0017463,0.0017459
4.08,-0.5,0.0017464,0.0017463
4.09,-0.5,0.0017466,0.0017467
4.1,-0.5,0.001747,0.0017469
4.11,-0.5,0.0017475,0.0017474
4.12,-0.5,0.0017475,0.0017477
4.13,-0.5,0.001748,0.0017478
4.14,-0.5,0.0017484,0.0017482
4.15,-0.5,0.0017487,0.0017483
4.16,-0.5,0.0017489,0.0017487
4.17,-0.5,0.0017493,0.0017491
4.18,-0.5,0.0017493,0.0017493
4.19,-0.5,0.0017499,0.0017498
4.2,-0.5,0.0017503,0.0017504
4.21,-0.5,0.0017506,0.0017505
4.22,-0.5,0.0017509,0.0017508
4.23,-0.5,0.0017511,0.0017511
4.24,-0.5,0.0017517,0.0017513
4.25,-0.5,0.001752,0.0017517
4.26,-0.5,0.0017522,0.0017522
4.27,-0.5,0.0017526,0.0017525
4.28,-0.5,0.0017529,0.0017528
4.29,-0.5,0.0017532,0.0017531
4.3,-0.5,0.0017537,0.0017535
4.31,-0.5,0.0017541,0.0017538
4.32,-0.5,0.0017545,0.0017542
4.33,-0.5,0.0017548,0.0017547
4.34,-0.5,0.0017551,0.0017549
4.35,-0.5,0.0017557,0.0017553
4.36,-0.5,0.0017559,0.0017556
4.37,-0.5,0.0017564,0.0017562
4.38,-0.5,0.0017566,0.0017564
4.39,-0.5,0.001757,0.001757
4.4,-0.5,0.0017577,0.0017572
4.41,-0.5,0.0017581,0.0017577
4.42,-0.5,0.0017583,0.0017582
4.43,-0.5,0.0017588,0.0017588
4.44,-0.5,0.0017593,0.0017588
4.45,-0.5,0.0017597,0.0017592
4.46,-0.5,0.0017601,0.0017597
4.47,-0.5,0.0017604,0.0017601
4.48,-0.5,0.0017607,0.0017606
4.49,-0.5,0.0017614,0.0017611
4.5,-0.5,0.0017617,0.0017612
4.51,-0.5,0.0017621,0.0017619
4.52,-0.5,0.0017629,0.0017624
4.53,-0.5,0.0017633,0.001763
4.54,-0.5,0.0017637,0.0017634
4.55,-0.5,0.0017643,0.0017638
4.56,-0.5,0.0017646,0.0017642
4.57,-0.5,0.0017653,0.001765
4.58,-0.5,0.0017655,0.0017654
4.59,-0.5,0.0017663,0.0017658
4.6,-0.5,0.0017669,0.0017665
4.61,-0.5,0.0017671,0.001767
4.62,-0.5,0.0017677,0.0017672
4.63,-0.5,0.0017683,0.0017679
4.64,-0.5,0.0017687,0.0017686
4.65,-0.5,0.001769,0.0017691
4.66,-0.5,0.0017697,0.0017696
4.67,-0.5,0.0017704,0.0017702
4.68,-0.5,0.0017708,0.0017707
4.69,-0.5,0.0017715,0.0017714
4.7,-0.5,0.0017722,0.0017718
4.71,-0.5,0.0017727,0.0017725
4.72,-0.5,0.0017734,0.0017729
4.73,-0.5,0.0017737,0.0017735
4.74,-0.5,0.0017745,0.0017744
4.75,-0.5,0.0017749,0.0017749
4.76,-0.5,0.0017756,0.0017756
4.77,-0.5,0.0017762,0.001776
4.78,-0.5,0.0017767,0.0017764
4.79,-0.5,0.0017775,0.0017772
4.8,-0.5,0.0017781,0.001778
4.81,-0.5,0.0017789,0.0017784
4.82,-0.5,0.0017795,0.0017793
4.83,-0.5,0.0017803,0.0017802
4.84,-0.5,0.0017808,0.0017805
4.85,-0.5,0.0017814,0.0017811
4.86,-0.5,0.0017822,0.0017821
4.87,-0.5,0.0017829,0.0017829
4.88,-0.5,0.0017836,0.0017835
4.89,-0.5,0.0017843,0.0017844
4.9,-0.5,0.0017848,0.0017849
4.91,-0.5,0.0017857,0.0017857
4.92,-0.5,0.0017866,0.0017866
4.93,-0.5,0.0017871,0.0017873
4.94,-0.5,0.0017881,0.0017881
4.95,-0.5,0.0017892,0.0017888
4.96,-0.5,0.0017896,0.0017895
4.97,-0.5,0.0017906,0.0017902
4.98,-0.5,0.0017914,0.0017911
4.99,-0.5,0.0017922,0.0017918
5,-0.5,0.0017929,0.0017928
0,-1,0.00000031039,0.0000003043
0.01,-1,0.00002808,0.000028025
0.02,-1,0.000055139,0.000055037
0.03,-1,0.000081886,0.000081914
0.04,-1,0.000110589,0.000110462
0.05,-1,0.00013691,0.00013684
0.06,-1,0.00016313,0.00016299
0.07,-1,0.00018902,0.00018904
0.08,-1,0.00021492,0.00021485
0.09,-1,0.00024233,0.00024224
0.1,-1,0.00026748,0.00026744
0.11,-1,0.00029243,0.00029235
0.12,-1,0.00031718,0.00031708
0.13,-1,0.00034168,0.00034163
0.14,-1,0.0003677,0.00036766
0.15,-1,0.00039166,0.00039153
0.16,-1,0.00041532,0.00041521
0.17,-1,0.00043894,0.00043886
0.18,-1,0.00046201,0.00046203
0.19,-1,0.00048481,0.0004847
0.2,-1,0.00050911,0.00050904
0.21,-1,0.00053129,0.0005313
0.22,-1,0.00055325,0.0005532
0.23,-1,0.00057498,0.0005749
0.24,-1,0.00059635,0.00059627
0.25,-1,0.00061901,0.00061897
0.26,-1,0.00063981,0.00063972
0.27,-1,0.00066041,0.00066035
0.28,-1,0.00068055,0.00068056
0.29,-1,0.00070037,0.00070039
0.3,-1,0.00072142,0.00072133
0.31,-1,0.00074068,0.0007406
0.32,-1,0.0007596,0.00075957
0.33,-1,0.00077814,0.00077806
0.34,-1,0.00079646,0.00079631
0.35,-1,0.00081581,0.00081572
0.36,-1,0.00083337,0.00083334
0.37,-1,0.00085091,0.00085076
0.38,-1,0.0008679,0.0008678
0.39,-1,0.00088446,0.00088443
0.4,-1,0.00090205,0.00090195
0.41,-1,0.00091809,0.00091798
0.42,-1,0.00093382,0.00093374
0.43,-1,0.00094914,0.00094911
0.44,-1,0.00096419,0.00096408
0.45,-1,0.00098006,0.00097996
0.46,-1,0.00099457,0.0009945
0.47,-1,0.00100866,0.0010086
0.48,-1,0.00102244,0.00102232
0.49,-1,0.00103581,0.00103581
0.5,-1,0.0010499,0.00104997
0.51,-1,0.00106273,0.00106273
0.52,-1,0.00107529,0.00107521
0.53,-1,0.0010875,0.00108746
0.54,-1,0.00109931,0.00109939
0.55,-1,0.00111186,0.00111181
0.56,-1,0.00112309,0.00112304
0.57,-1,0.00113398,0.00113408
0.58,-1,0.0011449,0.0011448
0.59,-1,0.0011553,0.0011553
0.6,-1,0.001166,0.0011662
0.61,-1,0.0011758,0.001176
0.62,-1,0.0011854,0.0011853
0.63,-1,0.0011947,0.0011947
0.64,-1,0.0012034,0.0012033
0.65,-1,0.0012128,0.0012129
0.66,-1,0.0012215,0.0012213
0.67,-1,0.0012297,0.0012295
0.68,-1,0.0012375,0.0012375
0.69,-1,0.0012453,0.0012451
0.7,-1,0.0012533,0.0012532
0.71,-1,0.0012604,0.0012602
0.72,-1,0.0012673,0.0012672
0.73,-1,0.0012741,0.001274
0.74,-1,0.0012804,0.0012807
0.75,-1,0.0012866,0.0012865
0.76,-1,0.0012931,0.001293
0.77,-1,0.0012988,0.0012991
0.78,-1,0.0013045,0.0013044
0.79,-1,0.00131,0.0013098
0.8,-1,0.0013153,0.0013151
0.81,-1,0.0013207,0.0013205
0.82,-1,0.0013254,0.0013253
0.83,-1,0.00133,0.0013298
0.84,-1,0.0013345,0.0013344
0.85,-1,0.001339,0.0013388
0.86,-1,0.0013433,0.0013433
0.87,-1,0.0013473,0.0013472
0.88,-1,0.0013512,0.001351
0.89,-1,0.0013547,0.0013547
0.9,-1,0.0013584,0.0013582
0.91,-1,0.0013619,0.0013617
0.92,-1,0.0013653,0.0013651
0.93,-1,0.0013685,0.0013682
0.94,-1,0.0013714,0.0013713
0.95,-1,0.0013742,0.0013742
0.96,-1,0.0013774,0.0013774
0.97,-1,0.00138,0.0013799
0.98,-1,0.0013828,0.0013826
0.99,-1,0.0013851,0.0013851
1,-1,0.0013875,0.0013876
1.01,-1,0.0013903,0.0013899
1.02,-1,0.0013924,0.0013923
1.03,-1,0.0013947,0.0013945
1.04,-1,0.0013965,0.0013964
1.05,-1,0.0013986,0.0013983
1.06,-1,0.0014007,0.0014003
1.07,-1,0.0014026,0.0014025
1.08,-1,0.0014041,0.0014041
1.09,-1,0.0014061,0.001406
1.1,-1,0.0014076,0.0014077
1.11,-1,0.0014093,0.0014091
1.12,-1,0.001411,0.001411
1.13,-1,0.0014126,0.0014125
1.14,-1,0.0014141,0.0014138
1.15,-1,0.0014155,0.0014152
1.16,-1,0.001417,0.0014168
1.17,-1,0.0014183,0.001418
1.18,-1,0.0014192,0.0014193
1.19,-1,0.0014205,0.0014204
1.2,-1,0.001422,0.0014219
1.21,-1,0.0014232,0.0014233
1.22,-1,0.0014244,0.0014243
1.23,-1,0.0014255,0.0014254
1.24,-1,0.0014267,0.0014265
1.25,-1,0.0014278,0.0014277
1.26,-1,0.0014287,0.0014285
1.27,-1,0.0014299,0.0014299
1.28,-1,0.0014308,0.0014306
1.29,-1,0.0014317,0.0014317
1.3,-1,0.0014328,0.0014326
1.31,-1,0.0014338,0.0014335
1.32,-1,0.0014346,0.0014347
1.33,-1,0.0014355,0.0014353
1.34,-1,0.0014363,0.001436
1.35,-1,0.0014372,0.0014371
1.36,-1,0.0014382,0.0014378
1.37,-1,0.0014388,0.0014386
1.38,-1,0.0014397,0.0014395
1.39,-1,0.0014404,0.0014405
1.4,-1,0.001441,0.001441
1.41,-1,0.0014419,0.0014419
1.42,-1,0.0014426,0.0014425
1.43,-1,0.0014435,0.0014433
1.44,-1,0.0014441,0.0014442
1.45,-1,0.0014448,0.0014449
1.46,-1,0.0014454,0.0014454
1.47,-1,0.0014463,0.001446
1.48,-1,0.001447,0.0014467
1.49,-1,0.0014474,0.0014475
1.5,-1,0.0014482,0.0014479
1.51,-1,0.0014488,0.0014486
1.52,-1,0.0014495,0.0014492
1.53,-1,0.0014499,0.0014499
1.54,-1,0.0014508,0.0014507
1.55,-1,0.0014512,0.0014513
1.56,-1,0.0014517,0.0014518
1.57,-1,0.0014522,0.0014526
1.58,-1,0.001453,0.0014529
1.59,-1,0.0014536,0.0014536
1.6,-1,0.0014542,0.001454
1.61,-1,0.0014548,0.0014544
1.62,-1,0.0014551,0.001455
1.63,-1,0.0014558,0.0014557
1.64,-1,0.0014563,0.0014562
1.65,-1,0.0014567,0.0014568
1.66,-1,0.0014572,0.0014572
1.67,-1,0.0014578,0.0014576
1.68,-1,0.0014583,0.0014583
1.69,-1,0.0014588,0.0014589
1.7,-1,0.0014592,0.0014592
1.71,-1,0.0014597,0.0014596
1.72,-1,0.0014601,0.0014604
1.73,-1,0.0014607,0.0014607
1.74,-1,0.0014612,0.001461
1.75,-1,0.0014618,0.0014615
1.76,-1,0.0014621,0.001462
1.77,-1,0.0014627,0.0014625
1.78,-1,0.001463,0.0014631
1.79,-1,0.0014634,0.0014634
1.8,-1,0.0014639,0.0014635
1.81,-1,0.0014646,0.0014642
1.82,-1,0.0014648,0.0014646
1.83,-1,0.0014651,0.0014653
1.84,-1,0.0014657,0.0014653
1.85,-1,0.0014664,0.0014659
1.86,-1,0.0014665,0.0014664
1.87,-1,0.0014671,0.0014668
1.88,-1,0.0014675,0.0014673
1.89,-1,0.0014677,0.0014675
1.9,-1,0.001468,0.0014679
1.91,-1,0.0014685,0.0014686
1.92,-1,0.001469,0.0014689
1.93,-1,0.0014693,0.0014693
1.94,-1,0.0014699,0.0014697
1.95,-1,0.0014701,0.00147
1.96,-1,0.0014705,0.0014705
1.97,-1,0.0014709,0.0014709
1.98,-1,0.0014712,0.0014712
1.99,-1,0.0014716,0.0014716
2,-1,0.0014721,0.0014718
2.01,-1,0.0014724,0.0014722
2.02,-1,0.0014727,0.0014727
2.03,-1,0.0014733,0.0014729
2.04,-1,0.0014737,0.0014734
2.05,-1,0.0014739,0.0014738
2.06,-1,0.0014742,0.0014743
2.07,-1,0.0014747,0.0014747
2.08,-1,0.0014751,0.0014749
2.09,-1,0.0014756,0.0014754
2.1,-1,0.0014758,0.0014757
2.11,-1,0.0014762,0.0014761
2.12,-1,0.0014765,0.0014764
2.13,-1,0.001477,0.0014766
2.14,-1,0.0014771,0.0014771
2.15,-1,0.0014775,0.0014771
2.16,-1,0.0014779,0.0014776
2.17,-1,0.0014782,0.0014781
2.18,-1,0.0014784,0.0014785
2.19,-1,0.0014787,0.0014786
2.2,-1,0.0014793,0.001479
2.21,-1,0.0014795,0.0014794
2.22,-1,0.0014796,0.0014798
2.23,-1,0.0014801,0.00148
2.24,-1,0.0014803,0.0014805
2.25,-1,0.0014807,0.0014807
2.26,-1,0.0014809,0.0014809
2.27,-1,0.0014814,0.0014813
2.28,-1,0.0014816,0.0014815
2.29,-1,0.0014819,0.0014819
2.3,-1,0.0014822,0.0014824
2.31,-1,0.0014825,0.0014825
2.32,-1,0.0014828,0.0014828
2.33,-1,0.0014831,0.001483
2.34,-1,0.0014833,0.0014837
2.35,-1,0.0014837,0.0014836
2.36,-1,0.0014842,0.0014843
2.37,-1,0.0014843,0.0014844
2.38,-1,0.0014847,0.0014848
2.39,-1,0.0014853,0.0014848
2.4,-1,0.0014854,0.0014855
2.41,-1,0.0014859,0.0014857
2.42,-1,0.0014861,0.0014855
2.43,-1,0.0014863,0.001486
2.44,-1,0.0014865,0.0014866
2.45,-1,0.0014868,0.0014866
2.46,-1,0.0014872,0.0014871
2.47,-1,0.0014873,0.0014875
2.48,-1,0.0014876,0.0014876
2.49,-1,0.001488,0.0014879
2.5,-1,0.0014886,0.0014884
2.51,-1,0.0014884,0.0014885
2.52,-1,0.0014889,0.001489
2.53,-1,0.0014892,0.0014892
2.54,-1,0.0014897,0.0014894
2.55,-1,0.0014898,0.0014898
2.56,-1,0.0014899,0.0014898
2.57,-1,0.0014901,0.0014901
2.58,-1,0.0014905,0.0014906
2.59,-1,0.0014908,0.0014909
2.6,-1,0.0014913,0.001491
2.61,-1,0.0014914,0.0014915
2.62,-1,0.0014918,0.0014918
2.63,-1,0.001492,0.0014919
2.64,-1,0.0014923,0.0014921
2.65,-1,0.0014925,0.0014925
2.66,-1,0.0014926,0.0014926
2.67,-1,0.0014929,0.0014931
2.68,-1,0.0014933,0.0014932
2.69,-1,0.0014934,0.0014934
2.7,-1,0.0014938,0.0014936
2.71,-1,0.0014939,0.001494
2.72,-1,0.0014943,0.0014944
2.73,-1,0.0014946,0.0014947
2.74,-1,0.0014949,0.001495
2.75,-1,0.0014952,0.0014952
2.76,-1,0.0014957,0.0014956
2.77,-1,0.0014959,0.0014957
2.78,-1,0.0014961,0.0014962
2.79,-1,0.0014964,0.0014962
2.8,-1,0.0014968,0.0014967
2.81,-1,0.0014967,0.0014967
2.82,-1,0.0014969,0.0014971
2.83,-1,0.0014974,0.0014974
2.84,-1,0.0014976,0.0014979
2.85,-1,0.001498,0.001498
2.86,-1,0.0014984,0.0014981
2.87,-1,0.0014984,0.0014985
2.88,-1,0.0014989,0.0014988
2.89,-1,0.0014991,0.0014989
2.9,-1,0.0014991,0.0014992
2.91,-1,0.0014993,0.0014993
2.92,-1,0.0015,0.0014998
2.93,-1,0.0015002,0.0014999
2.94,-1,0.0015005,0.0015004
2.95,-1,0.0015009,0.0015007
2.96,-1,0.0015008,0.0015008
2.97,-1,0.0015011,0.001501
2.98,-1,0.0015015,0.0015015
2.99,-1,0.0015014,0.0015016
3,-1,0.0015021,0.0015019
3.01,-1,0.0015021,0.0015022
3.02,-1,0.0015024,0.0015025
3.03,-1,0.0015027,0.0015027
3.04,-1,0.0015028,0.0015027
3.05,-1,0.0015031,0.0015031
3.06,-1,0.0015034,0.0015033
3.07,-1,0.0015036,0.0015037
3.08,-1,0.001504,0.0015037
3.09,-1,0.001504,0.0015043
3.1,-1,0.0015043,0.0015044
3.11,-1,0.0015045,0.0015045
3.12,-1,0.0015048,0.0015051
3.13,-1,0.001505,0.0015052
3.14,-1,0.0015056,0.0015055
3.15,-1,0.0015057,0.0015056
3.16,-1,0.0015059,0.0015058
3.17,-1,0.001506,0.0015061
3.18,-1,0.0015064,0.001506
3.19,-1,0.0015068,0.0015068
3.2,-1,0.0015068,0.0015069
3.21,-1,0.001507,0.001507
3.22,-1,0.0015076,0.0015073
3.23,-1,0.0015076,0.0015075
3.24,-1,0.0015076,0.0015078
3.25,-1,0.0015082,0.0015081
3.26,-1,0.0015083,0.0015086
3.27,-1,0.0015087,0.0015086
3.28,-1,0.0015088,0.0015087
3.29,-1,0.0015092,0.0015089
3.3,-1,0.0015095,0.0015095
3.31,-1,0.0015095,0.0015096
3.32,-1,0.0015099,0.0015098
3.33,-1,0.0015099,0.0015099
3.34,-1,0.0015104,0.0015102
3.35,-1,0.0015107,0.0015107
3.36,-1,0.0015108,0.0015109
3.37,-1,0.001511,0.0015113
3.38,-1,0.0015114,0.0015114
3.39,-1,0.0015114,0.0015114
3.4,-1,0.0015118,0.0015116
3.41,-1,0.0015122,0.0015117
3.42,-1,0.0015123,0.0015122
3.43,-1,0.0015127,0.0015124
3.44,-1,0.0015129,0.0015129
3.45,-1,0.0015133,0.0015129
3.46,-1,0.0015134,0.0015133
3.47,-1,0.0015136,0.0015135
3.48,-1,0.0015139,0.0015137
3.49,-1,0.0015141,0.0015141
3.5,-1,0.0015143,0.0015144
3.51,-1,0.0015146,0.0015144
3.52,-1,0.0015148,0.0015147
3.53,-1,0.0015149,0.001515
3.54,-1,0.0015153,0.0015151
3.55,-1,0.0015156,0.0015153
3.56,-1,0.0015159,0.0015158
3.57,-1,0.0015162,0.0015161
3.58,-1,0.0015166,0.0015163
3.59,-1,0.0015168,0.0015166
3.6,-1,0.0015168,0.0015168
3.61,-1,0.001517,0.0015171
3.62,-1,0.0015172,0.0015172
3.63,-1,0.0015176,0.0015178
3.64,-1,0.0015178,0.0015178
3.65,-1,0.0015183,0.0015182
3.66,-1,0.0015184,0.0015182
3.67,-1,0.0015185,0.0015187
3.68,-1,0.001519,0.0015188
3.69,-1,0.0015191,0.0015192
3.7,-1,0.0015194,0.0015192
3.71,-1,0.0015196,0.0015198
3.72,-1,0.00152,0.0015198
3.73,-1,0.00152,0.0015201
3.74,-1,0.0015204,0.0015206
3.75,-1,0.0015209,0.0015207
3.76,-1,0.001521,0.0015209
3.77,-1,0.0015214,0.0015211
3.78,-1,0.0015215,0.0015214
3.79,-1,0.0015216,0.0015217
3.8,-1,0.0015219,0.0015218
3.81,-1,0.0015221,0.001522
3.82,-1,0.0015225,0.0015225
3.83,-1,0.0015225,0.0015226
3.84,-1,0.001523,0.0015231
3.85,-1,0.0015231,0.0015231
3.86,-1,0.0015235,0.0015235
3.87,-1,0.0015238,0.0015236
3.88,-1,0.0015242,0.0015241
3.89,-1,0.0015244,0.0015242
3.9,-1,0.0015247,0.0015245
3.91,-1,0.0015249,0.0015247
3.92,-1,0.0015252,0.001525
3.93,-1,0.0015255,0.0015254
3.94,-1,0.0015257,0.0015256
3.95,-1,0.001526,0.001526
3.96,-1,0.0015264,0.001526
3.97,-1,0.0015267,0.0015263
3.98,-1,0.0015269,0.0015268
3.99,-1,0.0015273,0.001527
4,-1,0.0015274,0.0015273
4.01,-1,0.0015278,0.0015275
4.02,-1,0.0015278,0.0015278
4.03,-1,0.0015283,0.001528
4.04,-1,0.0015286,0.0015285
4.05,-1,0.0015291,0.0015289
4.06,-1,0.0015291,0.0015293
4.07,-1,0.0015295,0.0015293
4.08,-1,0.0015298,0.0015296
4.09,-1,0.0015302,0.00153
4.1,-1,0.0015302,0.0015302
4.11,-1,0.0015306,0.0015306
4.12,-1,0.0015309,0.0015307
4.13,-1,0.0015312,0.0015312
4.14,-1,0.0015317,0.0015314
4.15,-1,0.0015318,0.0015316
4.16,-1,0.0015325,0.001532
4.17,-1,0.0015326,0.0015325
4.18,-1,0.0015331,0.0015326
4.19,-1,0.0015334,0.0015332
4.2,-1,0.0015337,0.0015333
4.21,-1,0.001534,0.0015338
4.22,-1,0.0015342,0.0015339
4.23,-1,0.0015346,0.0015344
4.24,-1,0.0015346,0.0015348
4.25,-1,0.001535,0.0015352
4.26,-1,0.0015355,0.0015354
4.27,-1,0.0015356,0.0015356
4.28,-1,0.0015362,0.0015362
4.29,-1,0.0015365,0.0015366
4.3,-1,0.0015369,0.0015369
4.31,-1,0.0015374,0.0015374
4.32,-1,0.0015375,0.0015378
4.33,-1,0.0015379,0.0015378
4.34,-1,0.0015382,0.0015382
4.35,-1,0.0015386,0.0015387
4.36,-1,0.0015391,0.001539
4.37,-1,0.0015393,0.0015394
4.38,-1,0.00154,0.0015397
4.39,-1,0.0015403,0.0015401
4.4,-1,0.0015405,0.0015407
4.41,-1,0.001541,0.0015411
4.42,-1,0.0015415,0.0015413
4.43,-1,0.0015419,0.0015418
4.44,-1,0.0015422,0.0015422
4.45,-1,0.0015427,0.0015425
4.46,-1,0.0015433,0.001543
4.47,-1,0.0015433,0.0015434
4.48,-1,0.0015439,0.0015438
4.49,-1,0.0015443,0.0015441
4.5,-1,0.0015446,0.0015446
4.51,-1,0.001545,0.0015451
4.52,-1,0.0015457,0.0015455
4.53,-1,0.0015461,0.0015461
4.54,-1,0.0015465,0.0015466
4.55,-1,0.0015471,0.0015469
4.56,-1,0.0015473,0.0015474
4.57,-1,0.001548,0.0015478
4.58,-1,0.0015481,0.0015484
4.59,-1,0.0015487,0.0015487
4.6,-1,0.0015492,0.0015493
4.61,-1,0.0015495,0.0015498
4.62,-1,0.00155,0.0015502
4.63,-1,0.0015511,0.0015505
4.64,-1,0.0015516,0.0015514
4.65,-1,0.0015517,0.0015518
4.66,-1,0.0015523,0.0015521
4.67,-1,0.0015531,0.0015528
4.68,-1,0.0015534,0.0015535
4.69,-1,0.0015537,0.0015539
4.7,-1,0.0015543,0.0015543
4.71,-1,0.0015547,0.0015553
4.72,-1,0.0015554,0.0015556
4.73,-1,0.001556,0.0015559
4.74,-1,0.0015567,0.0015565
4.75,-1,0.0015573,0.0015571
4.76,-1,0.0015576,0.0015578
4.77,-1,0.0015585,0.0015584
4.78,-1,0.0015591,0.001559
4.79,-1,0.0015594,0.0015597
4.8,-1,0.0015604,0.0015605
4.81,-1,0.0015609,0.0015609
4.82,-1,0.0015617,0.0015615
4.83,-1,0.0015621,0.001562
4.84,-1,0.0015626,0.0015626
4.85,-1,0.0015634,0.0015635
4.86,-1,0.001564,0.0015638
4.87,-1,0.0015644,0.0015646
4.88,-1,0.0015654,0.0015654
4.89,-1,0.0015661,0.001566
4.9,-1,0.0015666,0.0015668
4.91,-1,0.0015672,0.0015673
4.92,-1,0.0015679,0.001568
4.93,-1,0.0015689,0.0015688
4.94,-1,0.0015696,0.0015696
4.95,-1,0.0015704,0.0015702
4.96,-1,0.001571,0.0015708
4.97,-1,0.0015719,0.0015714
4.98,-1,0.0015726,0.0015723
4.99,-1,0.0015732,0.0015731
5,-1,0.001574,0.001574
0,-1.5,0.0000012882,0.0000013046
0.01,-1.5,0.000026528,0.000026501
0.02,-1.5,0.000051412,0.000051378
0.03,-1.5,0.000076181,0.000076189
0.04,-1.5,0.000100719,0.000100698
0.05,-1.5,0.00012685,0.00012682
0.06,-1.5,0.00015078,0.00015079
0.07,-1.5,0.00017456,0.00017457
0.08,-1.5,0.00019823,0.00019818
0.09,-1.5,0.00022148,0.00022142
0.1,-1.5,0.00024639,0.00024636
0.11,-1.5,0.00026923,0.00026929
0.12,-1.5,0.00029178,0.00029174
0.13,-1.5,0.00031405,0.00031405
0.14,-1.5,0.00033622,0.00033614
0.15,-1.5,0.00035969,0.00035969
0.16,-1.5,0.00038133,0.00038132
0.17,-1.5,0.00040257,0.00040254
0.18,-1.5,0.0004236,0.00042358
0.19,-1.5,0.00044433,0.00044427
0.2,-1.5,0.00046628,0.00046621
0.21,-1.5,0.0004864,0.00048631
0.22,-1.5,0.00050628,0.00050621
0.23,-1.5,0.00052575,0.00052567
0.24,-1.5,0.00054501,0.00054495
0.25,-1.5,0.000564,0.00056401
0.26,-1.5,0.00058428,0.00058421
0.27,-1.5,0.00060252,0.00060248
0.28,-1.5,0.00062057,0.0006205
0.29,-1.5,0.00063833,0.00063823
0.3,-1.5,0.00065571,0.00065567
0.31,-1.5,0.00067414,0.00067405
0.32,-1.5,0.00069097,0.00069084
0.33,-1.5,0.00070745,0.00070734
0.34,-1.5,0.00072351,0.00072347
0.35,-1.5,0.00073951,0.00073942
0.36,-1.5,0.00075622,0.00075619
0.37,-1.5,0.00077147,0.0007714
0.38,-1.5,0.00078628,0.0007862
0.39,-1.5,0.00080087,0.00080085
0.4,-1.5,0.00081527,0.00081512
0.41,-1.5,0.00083017,0.00083007
0.42,-1.5,0.00084385,0.00084381
0.43,-1.5,0.00085714,0.00085711
0.44,-1.5,0.00087013,0.00087014
0.45,-1.5,0.00088288,0.00088284
0.46,-1.5,0.00089628,0.00089613
0.47,-1.5,0.00090828,0.0009082
0.48,-1.5,0.00092003,0.00091992
0.49,-1.5,0.00093143,0.00093137
0.5,-1.5,0.0009426,0.00094257
0.51,-1.5,0.00095437,0.00095429
0.52,-1.5,0.00096482,0.00096474
0.53,-1.5,0.00097507,0.00097495
0.54,-1.5,0.00098511,0.00098503
0.55,-1.5,0.00099488,0.00099484
0.56,-1.5,0.00100489,0.00100483
0.57,-1.5,0.00101401,0.00101392
0.58,-1.5,0.00102284,0.00102276
0.59,-1.5,0.00103141,0.00103129
0.6,-1.5,0.00103974,0.00103965
0.61,-1.5,0.00104835,0.00104823
0.62,-1.5,0.00105618,0.00105605
0.63,-1.5,0.00106354,0.00106346
0.64,-1.5,0.00107085,0.00107084
0.65,-1.5,0.00107796,0.00107793
0.66,-1.5,0.0010852,0.00108519
0.67,-1.5,0.0010917,0.00109154
0.68,-1.5,0.00109802,0.00109791
0.69,-1.5,0.0011041,0.00110406
0.7,-1.5,0.00111002,0.00110982
0.71,-1.5,0.00111601,0.00111593
0.72,-1.5,0.00112154,0.00112147
0.73,-1.5,0.00112672,0.00112674
0.74,-1.5,0.00113177,0.00113178
0.75,-1.5,0.0011366,0.00113659
0.76,-1.5,0.0011416,0.0011416
0.77,-1.5,0.001146,0.0011461
0.78,-1.5,0.0011504,0.0011505
0.79,-1.5,0.0011548,0.0011547
0.8,-1.5,0.0011586,0.0011583
0.81,-1.5,0.0011628,0.0011625
0.82,-1.5,0.0011664,0.0011664
0.83,-1.5,0.00117,0.0011697
0.84,-1.5,0.0011732,0.0011734
0.85,-1.5,0.0011767,0.0011768
0.86,-1.5,0.0011798,0.0011798
0.87,-1.5,0.0011828,0.0011829
0.88,-1.5,0.0011859,0.0011858
0.89,-1.5,0.0011885,0.0011886
0.9,-1.5,0.0011913,0.0011914
0.91,-1.5,0.0011938,0.0011937
0.92,-1.5,0.0011965,0.0011963
0.93,-1.5,0.001199,0.0011989
0.94,-1.5,0.0012012,0.0012011
0.95,-1.5,0.0012033,0.0012034
0.96,-1.5,0.0012055,0.0012056
0.97,-1.5,0.0012076,0.0012077
0.98,-1.5,0.0012097,0.0012097
0.99,-1.5,0.0012117,0.0012116
1,-1.5,0.0012137,0.0012135
1.01,-1.5,0.0012153,0.0012152
1.02,-1.5,0.0012171,0.0012171
1.03,-1.5,0.0012188,0.0012186
1.04,-1.5,0.0012204,0.0012202
1.05,-1.5,0.0012218,0.0012217
1.06,-1.5,0.0012233,0.0012233
1.07,-1.5,0.0012251,0.0012247
1.08,-1.5,0.0012263,0.0012263
1.09,-1.5,0.0012277,0.0012276
1.1,-1.5,0.001229,0.001229
1.11,-1.5,0.0012303,0.0012302
1.12,-1.5,0.0012316,0.0012317
1.13,-1.5,0.0012327,0.0012329
1.14,-1.5,0.0012339,0.0012339
1.15,-1.5,0.0012352,0.0012353
1.16,-1.5,0.001236,0.0012362
1.17,-1.5,0.0012372,0.0012374
1.18,-1.5,0.0012385,0.0012384
1.19,-1.5,0.0012395,0.0012392
1.2,-1.5,0.0012404,0.0012405
1.21,-1.5,0.0012413,0.0012414
1.22,-1.5,0.0012425,0.0012423
1.23,-1.5,0.0012433,0.0012434
1.24,-1.5,0.0012443,0.0012441
1.25,-1.5,0.001245,0.0012453
1.26,-1.5,0.001246,0.001246
1.27,-1.5,0.0012468,0.0012467
1.28,-1.5,0.0012478,0.001248
1.29,-1.5,0.0012485,0.0012486
1.3,-1.5,0.0012494,0.0012493
1.31,-1.5,0.0012501,0.00125
1.32,-1.5,0.0012511,0.0012509
1.33,-1.5,0.001252,0.0012515
1.34,-1.5,0.0012526,0.0012524
1.35,-1.5,0.0012534,0.001253
1.36,-1.5,0.001254,0.0012541
1.37,-1.5,0.0012547,0.0012546
1.38,-1.5,0.0012552,0.0012553
1.39,-1.5,0.0012561,0.0012561
1.4,-1.5,0.0012568,0.0012568
1.41,-1.5,0.0012573,0.0012573
1.42,-1.5,0.001258,0.001258
1.43,-1.5,0.0012589,0.0012586
1.44,-1.5,0.0012594,0.0012593
1.45,-1.5,0.0012598,0.0012598
1.46,-1.5,0.0012606,0.0012604
1.47,-1.5,0.0012611,0.001261
1.48,-1.5,0.0012619,0.0012617
1.49,-1.5,0.0012623,0.0012622
1.5,-1.5,0.0012631,0.0012628
1.51,-1.5,0.0012636,0.0012636
1.52,-1.5,0.001264,0.001264
1.53,-1.5,0.0012646,0.0012647
1.54,-1.5,0.0012652,0.0012652
1.55,-1.5,0.0012659,0.0012657
1.56,-1.5,0.0012663,0.0012662
1.57,-1.5,0.0012669,0.0012669
1.58,-1.5,0.0012672,0.0012675
1.59,-1.5,0.0012676,0.0012678
1.6,-1.5,0.0012683,0.0012685
1.61,-1.5,0.0012688,0.0012689
1.62,-1.5,0.0012692,0.0012696
1.63,-1.5,0.0012698,0.0012699
1.64,-1.5,0.0012704,0.0012703
1.65,-1.5,0.0012709,0.001271
1.66,-1.5,0.0012713,0.0012714
1.67,-1.5,0.001272,0.0012718
1.68,-1.5,0.0012724,0.0012724
1.69,-1.5,0.0012729,0.0012729
1.7,-1.5,0.0012731,0.0012734
1.71,-1.5,0.0012735,0.0012736
1.72,-1.5,0.0012741,0.0012742
1.73,-1.5,0.0012747,0.0012747
1.74,-1.5,0.001275,0.001275
1.75,-1.5,0.0012754,0.0012755
1.76,-1.5,0.0012759,0.0012759
1.77,-1.5,0.0012763,0.0012764
1.78,-1.5,0.0012769,0.0012767
1.79,-1.5,0.0012772,0.0012773
1.8,-1.5,0.0012776,0.0012777
1.81,-1.5,0.0012781,0.0012781
1.82,-1.5,0.0012784,0.0012785
1.83,-1.5,0.0012789,0.0012789
1.84,-1.5,0.0012792,0.0012795
1.85,-1.5,0.0012796,0.0012798
1.86,-1.5,0.0012801,0.0012802
1.87,-1.5,0.0012806,0.0012805
1.88,-1.5,0.0012808,0.0012807
1.89,-1.5,0.0012813,0.0012813
1.9,-1.5,0.0012818,0.0012817
1.91,-1.5,0.0012822,0.0012822
1.92,-1.5,0.0012827,0.0012825
1.93,-1.5,0.0012831,0.0012827
1.94,-1.5,0.0012833,0.0012834
1.95,-1.5,0.0012838,0.0012836
1.96,-1.5,0.0012841,0.0012842
1.97,-1.5,0.0012843,0.0012843
1.98,-1.5,0.0012848,0.0012849
1.99,-1.5,0.0012854,0.001285
2,-1.5,0.0012856,0.0012854
2.01,-1.5,0.0012861,0.001286
2.02,-1.5,0.0012862,0.0012863
2.03,-1.5,0.0012867,0.0012866
2.04,-1.5,0.0012868,0.001287
2.05,-1.5,0.0012873,0.0012875
2.06,-1.5,0.0012877,0.0012878
2.07,-1.5,0.0012882,0.001288
2.08,-1.5,0.0012885,0.0012883
2.09,-1.5,0.0012889,0.0012887
2.1,-1.5,0.0012893,0.0012891
2.11,-1.5,0.0012895,0.0012894
2.12,-1.5,0.0012897,0.0012899
2.13,-1.5,0.0012902,0.0012902
2.14,-1.5,0.0012907,0.0012906
2.15,-1.5,0.0012908,0.0012908
2.16,-1.5,0.0012912,0.0012912
2.17,-1.5,0.0012915,0.0012916
2.18,-1.5,0.0012917,0.0012917
2.19,-1.5,0.0012924,0.0012921
2.2,-1.5,0.0012925,0.0012926
2.21,-1.5,0.0012929,0.0012927
2.22,-1.5,0.0012932,0.0012932
2.23,-1.5,0.0012937,0.0012938
2.24,-1.5,0.0012939,0.0012938
2.25,-1.5,0.0012943,0.0012941
2.26,-1.5,0.0012946,0.0012944
2.27,-1.5,0.0012947,0.001295
2.28,-1.5,0.001295,0.0012952
2.29,-1.5,0.0012955,0.0012956
2.3,-1.5,0.0012957,0.0012957
2.31,-1.5,0.001296,0.0012962
2.32,-1.5,0.0012962,0.0012965
2.33,-1.5,0.0012967,0.0012968
2.34,-1.5,0.0012971,0.0012971
2.35,-1.5,0.0012973,0.0012974
2.36,-1.5,0.0012977,0.0012975
2.37,-1.5,0.0012979,0.001298
2.38,-1.5,0.0012981,0.0012983
2.39,-1.5,0.0012985,0.0012986
2.4,-1.5,0.0012986,0.001299
2.41,-1.5,0.0012992,0.0012993
2.42,-1.5,0.0012993,0.0012994
2.43,-1.5,0.0012996,0.0012998
2.44,-1.5,0.0012998,0.0012999
2.45,-1.5,0.0013004,0.0013004
2.46,-1.5,0.0013004,0.0013008
2.47,-1.5,0.0013008,0.0013012
2.48,-1.5,0.0013011,0.0013011
2.49,-1.5,0.0013013,0.0013014
2.5,-1.5,0.0013018,0.0013018
2.51,-1.5,0.0013018,0.0013019
2.52,-1.5,0.0013023,0.0013027
2.53,-1.5,0.0013026,0.0013027
2.54,-1.5,0.0013028,0.0013031
2.55,-1.5,0.0013032,0.0013034
2.56,-1.5,0.0013034,0.0013036
2.57,-1.5,0.0013038,0.0013037
2.58,-1.5,0.001304,0.001304
2.59,-1.5,0.0013043,0.0013045
2.6,-1.5,0.0013046,0.0013049
2.61,-1.5,0.0013049,0.0013049
2.62,-1.5,0.0013052,0.0013053
2.63,-1.5,0.0013055,0.0013058
2.64,-1.5,0.0013058,0.0013058
2.65,-1.5,0.0013059,0.001306
2.66,-1.5,0.0013063,0.0013065
2.67,-1.5,0.0013068,0.0013069
2.68,-1.5,0.0013069,0.0013069
2.69,-1.5,0.0013072,0.0013072
2.7,-1.5,0.0013076,0.0013075
2.71,-1.5,0.0013078,0.0013076
2.72,-1.5,0.001308,0.0013081
2.73,-1.5,0.0013084,0.0013083
2.74,-1.5,0.0013087,0.0013086
2.75,-1.5,0.0013087,0.0013088
2.76,-1.5,0.001309,0.0013092
2.77,-1.5,0.0013094,0.0013096
2.78,-1.5,0.0013099,0.0013098
2.79,-1.5,0.0013098,0.0013098
2.8,-1.5,0.0013102,0.0013102
2.81,-1.5,0.0013105,0.0013107
2.82,-1.5,0.0013108,0.0013107
2.83,-1.5,0.0013109,0.0013111
2.84,-1.5,0.0013116,0.0013112
2.85,-1.5,0.0013114,0.0013117
2.86,-1.5,0.0013117,0.0013119
2.87,-1.5,0.001312,0.0013122
2.88,-1.5,0.0013123,0.0013127
2.89,-1.5,0.0013126,0.0013126
2.9,-1.5,0.0013129,0.0013129
2.91,-1.5,0.0013133,0.0013133
2.92,-1.5,0.0013136,0.0013135
2.93,-1.5,0.0013136,0.0013138
2.94,-1.5,0.0013139,0.001314
2.95,-1.5,0.0013142,0.0013143
2.96,-1.5,0.0013147,0.0013147
2.97,-1.5,0.0013147,0.0013149
2.98,-1.5,0.001315,0.001315
2.99,-1.5,0.0013153,0.0013153
3,-1.5,0.0013155,0.0013155
3.01,-1.5,0.0013159,0.0013158
3.02,-1.5,0.0013161,0.001316
3.03,-1.5,0.0013165,0.0013164
3.04,-1.5,0.0013165,0.0013165
3.05,-1.5,0.001317,0.001317
3.06,-1.5,0.0013173,0.0013172
3.07,-1.5,0.0013175,0.0013175
3.08,-1.5,0.0013177,0.0013177
3.09,-1.5,0.0013181,0.0013177
3.1,-1.5,0.0013182,0.0013183
3.11,-1.5,0.0013183,0.0013184
3.12,-1.5,0.0013185,0.0013187
3.13,-1.5,0.0013189,0.001319
3.14,-1.5,0.0013192,0.001319
3.15,-1.5,0.0013195,0.0013196
3.16,-1.5,0.0013199,0.0013197
3.17,-1.5,0.0013199,0.0013201
3.18,-1.5,0.0013203,0.0013202
3.19,-1.5,0.0013204,0.0013203
3.2,-1.5,0.0013207,0.0013208
3.21,-1.5,0.0013211,0.0013212
3.22,-1.5,0.0013213,0.0013213
3.23,-1.5,0.0013216,0.0013213
3.24,-1.5,0.0013218,0.0013219
3.25,-1.5,0.0013219,0.0013222
3.26,-1.5,0.0013224,0.0013224
3.27,-1.5,0.0013225,0.0013226
3.28,-1.5,0.0013227,0.0013228
3.29,-1.5,0.0013231,0.0013231
3.3,-1.5,0.0013232,0.0013233
3.31,-1.5,0.0013238,0.0013239
3.32,-1.5,0.0013239,0.0013237
3.33,-1.5,0.0013242,0.0013243
3.34,-1.5,0.0013245,0.0013244
3.35,-1.5,0.0013248,0.0013247
3.36,-1.5,0.0013249,0.0013248
3.37,-1.5,0.0013253,0.0013252
3.38,-1.5,0.0013256,0.0013254
3.39,-1.5,0.0013256,0.0013257
3.4,-1.5,0.001326,0.001326
3.41,-1.5,0.0013261,0.001326
3.42,-1.5,0.0013266,0.0013265
3.43,-1.5,0.0013266,0.0013266
3.44,-1.5,0.001327,0.0013271
3.45,-1.5,0.0013271,0.0013273
3.46,-1.5,0.0013273,0.0013272
3.47,-1.5,0.0013276,0.0013275
3.48,-1.5,0.0013279,0.0013279
3.49,-1.5,0.001328,0.0013283
3.5,-1.5,0.0013285,0.0013286
3.51,-1.5,0.0013289,0.0013287
3.52,-1.5,0.0013287,0.0013291
3.53,-1.5,0.001329,0.0013291
3.54,-1.5,0.0013293,0.0013294
3.55,-1.5,0.0013297,0.0013297
3.56,-1.5,0.00133,0.00133
3.57,-1.5,0.0013303,0.0013303
3.58,-1.5,0.0013303,0.0013304
3.59,-1.5,0.0013308,0.0013309
3.6,-1.5,0.0013311,0.0013311
3.61,-1.5,0.0013313,0.0013314
3.62,-1.5,0.0013318,0.0013319
3.63,-1.5,0.0013318,0.0013319
3.64,-1.5,0.0013321,0.001332
3.65,-1.5,0.0013323,0.0013323
3.66,-1.5,0.0013325,0.0013324
3.67,-1.5,0.0013328,0.0013328
3.68,-1.5,0.0013332,0.0013332
3.69,-1.5,0.0013333,0.0013336
3.7,-1.5,0.0013335,0.0013336
3.71,-1.5,0.0013338,0.001334
3.72,-1.5,0.0013343,0.0013342
3.73,-1.5,0.0013344,0.0013345
3.74,-1.5,0.0013346,0.0013349
3.75,-1.5,0.001335,0.001335
3.76,-1.5,0.0013355,0.0013352
3.77,-1.5,0.0013354,0.0013354
3.78,-1.5,0.0013357,0.0013358
3.79,-1.5,0.0013363,0.0013361
3.8,-1.5,0.0013363,0.0013363
3.81,-1.5,0.0013366,0.0013367
3.82,-1.5,0.0013369,0.001337
3.83,-1.5,0.0013371,0.0013371
3.84,-1.5,0.0013373,0.0013374
3.85,-1.5,0.0013377,0.0013377
3.86,-1.5,0.001338,0.0013381
3.87,-1.5,0.0013383,0.0013383
3.88,-1.5,0.0013386,0.0013384
3.89,-1.5,0.0013387,0.0013386
3.9,-1.5,0.0013389,0.0013389
3.91,-1.5,0.0013393,0.0013395
3.92,-1.5,0.0013397,0.0013396
3.93,-1.5,0.0013399,0.00134
3.94,-1.5,0.0013404,0.0013404
3.95,-1.5,0.0013402,0.0013404
3.96,-1.5,0.0013407,0.0013406
3.97,-1.5,0.001341,0.001341
3.98,-1.5,0.0013413,0.0013411
3.99,-1.5,0.0013416,0.0013418
4,-1.5,0.0013422,0.0013419
4.01,-1.5,0.0013421,0.0013423
4.02,-1.5,0.0013427,0.0013423
4.03,-1.5,0.0013428,0.0013429
4.04,-1.5,0.0013429,0.0013433
4.05,-1.5,0.0013433,0.0013434
4.06,-1.5,0.0013437,0.0013435
4.07,-1.5,0.001344,0.0013439
4.08,-1.5,0.0013443,0.0013442
4.09,-1.5,0.0013446,0.0013447
4.1,-1.5,0.001345,0.001345
4.11,-1.5,0.0013452,0.0013452
4.12,-1.5,0.0013457,0.0013457
4.13,-1.5,0.0013458,0.0013459
4.14,-1.5,0.0013464,0.0013463
4.15,-1.5,0.0013465,0.0013464
4.16,-1.5,0.001347,0.0013468
4.17,-1.5,0.0013473,0.001347
4.18,-1.5,0.0013475,0.0013475
4.19,-1.5,0.0013477,0.0013477
4.2,-1.5,0.0013482,0.0013481
4.21,-1.5,0.0013485,0.0013483
4.22,-1.5,0.0013488,0.0013488
4.23,-1.5,0.0013492,0.001349
4.24,-1.5,0.0013497,0.0013498
4.25,-1.5,0.0013499,0.0013499
4.26,-1.5,0.0013502,0.0013503
4.27,-1.5,0.0013506,0.0013503
4.28,-1.5,0.0013507,0.0013509
4.29,-1.5,0.0013512,0.0013514
4.3,-1.5,0.0013517,0.0013517
4.31,-1.5,0.0013519,0.0013519
4.32,-1.5,0.0013522,0.0013521
4.33,-1.5,0.0013528,0.0013525
4.34,-1.5,0.0013529,0.001353
4.35,-1.5,0.0013535,0.0013534
4.36,-1.5,0.0013537,0.0013537
4.37,-1.5,0.0013541,0.001354
4.38,-1.5,0.0013544,0.0013543
4.39,-1.5,0.0013548,0.0013548
4.4,-1.5,0.0013553,0.0013551
4.41,-1.5,0.0013555,0.0013554
4.42,-1.5,0.0013561,0.001356
4.43,-1.5,0.0013565,0.0013565
4.44,-1.5,0.001357,0.001357
4.45,-1.5,0.0013571,0.0013571
4.46,-1.5,0.0013576,0.0013575
4.47,-1.5,0.0013581,0.001358
4.48,-1.5,0.0013584,0.0013586
4.49,-1.5,0.0013588,0.0013588
4.5,-1.5,0.0013592,0.001359
4.51,-1.5,0.0013598,0.0013597
4.52,-1.5,0.0013602,0.0013601
4.53,-1.5,0.0013607,0.0013606
4.54,-1.5,0.0013611,0.0013609
4.55,-1.5,0.0013616,0.0013616
4.56,-1.5,0.0013618,0.0013619
4.57,-1.5,0.0013623,0.0013622
4.58,-1.5,0.0013631,0.0013629
4.59,-1.5,0.0013631,0.0013631
4.6,-1.5,0.0013637,0.0013636
4.61,-1.5,0.0013643,0.001364
4.62,-1.5,0.0013647,0.0013648
4.63,-1.5,0.0013652,0.001365
4.64,-1.5,0.0013657,0.0013655
4.65,-1.5,0.0013661,0.0013662
4.66,-1.5,0.0013667,0.0013667
4.67,-1.5,0.0013671,0.0013671
4.68,-1.5,0.0013678,0.0013678
4.69,-1.5,0.0013682,0.0013682
4.7,-1.5,0.0013685,0.0013687
4.71,-1.5,0.0013692,0.0013691
4.72,-1.5,0.0013696,0.0013696
4.73,-1.5,0.0013703,0.0013702
4.74,-1.5,0.0013706,0.0013706
4.75,-1.5,0.0013712,0.0013713
4.76,-1.5,0.0013719,0.001372
4.77,-1.5,0.0013724,0.0013725
4.78,-1.5,0.0013729,0.0013729
4.79,-1.5,0.0013735,0.0013737
4.8,-1.5,0.0013742,0.0013741
4.81,-1.5,0.0013747,0.0013746
4.82,-1.5,0.0013752,0.0013754
4.83,-1.5,0.001376,0.001376
4.84,-1.5,0.0013764,0.0013764
4.85,-1.5,0.0013768,0.0013768
4.86,-1.5,0.0013776,0.0013774
4.87,-1.5,0.0013782,0.0013783
4.88,-1.5,0.0013791,0.0013792
4.89,-1.5,0.0013794,0.0013796
4.9,-1.5,0.0013802,0.0013801
4.91,-1.5,0.0013809,0.001381
4.92,-1.5,0.0013812,0.0013816
4.93,-1.5,0.0013822,0.0013821
4.94,-1.5,0.0013828,0.0013829
4.95,-1.5,0.0013834,0.0013834
4.96,-1.5,0.0013841,0.0013842
4.97,-1.5,0.0013849,0.0013846
4.98,-1.5,0.0013856,0.0013856
4.99,-1.5,0.0013863,0.0013864
5,-1.5,0.0013869,0.0013868
0,-2,-0.00000013133,-0.0000003232
0.01,-2,0.000024737,0.000024748
0.02,-2,0.000047748,0.000047718
0.03,-2,0.000070511,0.000070575
0.04,-2,0.000093184,0.000093225
0.05,-2,0.00011578,0.00011572
0.06,-2,0.00013953,0.00013955
0.07,-2,0.00016141,0.00016145
0.08,-2,0.0001831,0.00018315
0.09,-2,0.00020458,0.00020454
0.1,-2,0.00022572,0.00022579
0.11,-2,0.00024827,0.00024832
0.12,-2,0.000269,0.00026893
0.13,-2,0.00028938,0.00028929
0.14,-2,0.0003097,0.00030969
0.15,-2,0.00032958,0.00032959
0.16,-2,0.00035073,0.00035063
0.17,-2,0.00036992,0.00036995
0.18,-2,0.00038896,0.00038894
0.19,-2,0.0004078,0.00040777
0.2,-2,0.00042622,0.0004262
0.21,-2,0.00044579,0.00044577
0.22,-2,0.00046368,0.0004637
0.23,-2,0.00048131,0.00048121
0.24,-2,0.00049867,0.00049869
0.25,-2,0.00051564,0.00051568
0.26,-2,0.00053362,0.00053359
0.27,-2,0.00055006,0.00054992
0.28,-2,0.00056607,0.00056601
0.29,-2,0.00058184,0.00058189
0.3,-2,0.00059742,0.00059727
0.31,-2,0.00061365,0.00061356
0.32,-2,0.0006285,0.00062848
0.33,-2,0.00064306,0.00064301
0.34,-2,0.00065739,0.00065727
0.35,-2,0.00067119,0.00067117
0.36,-2,0.00068483,0.00068479
0.37,-2,0.00069913,0.00069908
0.38,-2,0.00071209,0.00071203
0.39,-2,0.00072478,0.00072466
0.4,-2,0.00073713,0.00073714
0.41,-2,0.00074921,0.00074908
0.42,-2,0.00076181,0.00076171
0.43,-2,0.00077332,0.00077326
0.44,-2,0.00078442,0.00078443
0.45,-2,0.00079532,0.00079521
0.46,-2,0.00080582,0.00080572
0.47,-2,0.00081678,0.00081676
0.48,-2,0.00082677,0.00082673
0.49,-2,0.0008364,0.00083624
0.5,-2,0.00084577,0.00084572
0.51,-2,0.00085487,0.00085484
0.52,-2,0.0008644,0.00086419
0.53,-2,0.00087292,0.00087278
0.54,-2,0.00088114,0.00088106
0.55,-2,0.00088911,0.00088904
0.56,-2,0.00089687,0.0008967
0.57,-2,0.00090487,0.00090472
0.58,-2,0.00091214,0.00091192
0.59,-2,0.00091903,0.00091879
0.6,-2,0.00092572,0.00092547
0.61,-2,0.00093223,0.00093197
0.62,-2,0.00093889,0.00093874
0.63,-2,0.000945,0.00094473
0.64,-2,0.00095071,0.0009505
0.65,-2,0.00095631,0.00095611
0.66,-2,0.00096166,0.00096148
0.67,-2,0.00096717,0.00096694
0.68,-2,0.00097206,0.00097188
0.69,-2,0.00097685,0.00097668
0.7,-2,0.0009815,0.0009812
0.71,-2,0.00098578,0.00098556
0.72,-2,0.00099037,0.00099016
0.73,-2,0.00099443,0.00099426
0.74,-2,0.00099846,0.00099808
0.75,-2,0.00100204,0.00100183
0.76,-2,0.0010057,0.00100548
0.77,-2,0.00100938,0.00100913
0.78,-2,0.00101267,0.00101238
0.79,-2,0.00101587,0.00101561
0.8,-2,0.00101891,0.00101869
0.81,-2,0.00102182,0.00102156
0.82,-2,0.00102478,0.00102467
0.83,-2,0.00102745,0.00102735
0.84,-2,0.00103004,0.00102985
0.85,-2,0.00103256,0.00103236
0.86,-2,0.00103495,0.00103476
0.87,-2,0.00103732,0.0010373
0.88,-2,0.00103963,0.00103931
0.89,-2,0.00104172,0.0010415
0.9,-2,0.00104369,0.00104352
0.91,-2,0.00104575,0.00104552
0.92,-2,0.00104782,0.00104754
0.93,-2,0.00104944,0.00104943
0.94,-2,0.00105131,0.00105125
0.95,-2,0.00105302,0.00105291
0.96,-2,0.00105464,0.00105456
0.97,-2,0.00105624,0.00105611
0.98,-2,0.00105787,0.00105785
0.99,-2,0.00105939,0.00105927
1,-2,0.00106074,0.00106066
1.01,-2,0.00106218,0.00106199
1.02,-2,0.00106355,0.00106342
1.03,-2,0.00106497,0.00106481
1.04,-2,0.00106623,0.00106603
1.05,-2,0.00106743,0.00106743
1.06,-2,0.00106866,0.00106848
1.07,-2,0.00106988,0.00106967
1.08,-2,0.00107108,0.00107089
1.09,-2,0.00107216,0.001072
1.1,-2,0.00107321,0.00107311
1.11,-2,0.00107423,0.00107402
1.12,-2,0.00107521,0.00107525
1.13,-2,0.00107628,0.00107632
1.14,-2,0.00107732,0.00107724
1.15,-2,0.00107818,0.00107827
1.16,-2,0.0010791,0.00107916
1.17,-2,0.00108016,0.00108
1.18,-2,0.00108106,0.00108087
1.19,-2,0.00108193,0.00108188
1.2,-2,0.00108276,0.00108275
1.21,-2,0.00108376,0.00108349
1.22,-2,0.00108444,0.00108434
1.23,-2,0.00108531,0.00108517
1.24,-2,0.00108613,0.00108593
1.25,-2,0.00108693,0.0010867
1.26,-2,0.00108758,0.00108746
1.27,-2,0.00108841,0.00108823
1.28,-2,0.00108916,0.00108896
1.29,-2,0.00108981,0.00108963
1.3,-2,0.00109061,0.00109052
1.31,-2,0.00109139,0.00109105
1.32,-2,0.00109191,0.00109183
1.33,-2,0.00109265,0.00109253
1.34,-2,0.0010933,0.00109325
1.35,-2,0.00109406,0.00109378
1.36,-2,0.00109456,0.0010945
1.37,-2,0.00109521,0.00109511
1.38,-2,0.00109595,0.00109582
1.39,-2,0.00109657,0.00109634
1.4,-2,0.0010971,0.00109695
1.41,-2,0.00109772,0.00109764
1.42,-2,0.00109834,0.00109809
1.43,-2,0.00109898,0.00109875
1.44,-2,0.00109953,0.00109931
1.45,-2,0.00110005,0.00109987
1.46,-2,0.00110078,0.00110049
1.47,-2,0.00110125,0.00110097
1.48,-2,0.00110187,0.00110151
1.49,-2,0.00110233,0.00110209
1.5,-2,0.00110284,0.00110262
1.51,-2,0.00110336,0.0011031
1.52,-2,0.0011039,0.00110369
1.53,-2,0.00110451,0.00110425
1.54,-2,0.00110497,0.00110474
1.55,-2,0.00110553,0.00110528
1.56,-2,0.001106,0.00110591
1.57,-2,0.0011065,0.00110632
1.58,-2,0.00110698,0.00110683
1.59,-2,0.0011075,0.0011074
1.6,-2,0.00110802,0.00110781
1.61,-2,0.00110845,0.00110838
1.62,-2,0.00110892,0.00110888
1.63,-2,0.00110945,0.00110929
1.64,-2,0.00111004,0.00110981
1.65,-2,0.0011105,0.00111024
1.66,-2,0.00111095,0.00111083
1.67,-2,0.00111137,0.00111128
1.68,-2,0.00111182,0.00111169
1.69,-2,0.00111228,0.00111209
1.7,-2,0.00111262,0.00111256
1.71,-2,0.00111319,0.00111297
1.72,-2,0.00111358,0.00111343
1.73,-2,0.00111398,0.00111381
1.74,-2,0.00111445,0.00111435
1.75,-2,0.001115,0.00111474
1.76,-2,0.00111532,0.00111518
1.77,-2,0.00111568,0.00111563
1.78,-2,0.00111612,0.001116
1.79,-2,0.00111656,0.00111648
1.8,-2,0.00111706,0.00111681
1.81,-2,0.00111738,0.00111727
1.82,-2,0.0011178,0.0011177
1.83,-2,0.00111818,0.00111812
1.84,-2,0.00111862,0.00111846
1.85,-2,0.001119,0.00111886
1.86,-2,0.00111936,0.00111919
1.87,-2,0.00111971,0.00111957
1.88,-2,0.00112011,0.00112006
1.89,-2,0.0011205,0.00112053
1.9,-2,0.00112089,0.00112075
1.91,-2,0.00112134,0.00112119
1.92,-2,0.00112175,0.00112157
1.93,-2,0.00112214,0.00112191
1.94,-2,0.0011225,0.00112226
1.95,-2,0.00112292,0.00112273
1.96,-2,0.00112319,0.0011231
1.97,-2,0.00112362,0.00112338
1.98,-2,0.00112411,0.00112374
1.99,-2,0.00112441,0.0011242
2,-2,0.00112477,0.00112453
2.01,-2,0.00112507,0.00112488
2.02,-2,0.00112543,0.00112531
2.03,-2,0.00112574,0.00112566
2.04,-2,0.00112628,0.00112608
2.05,-2,0.00112646,0.00112638
2.06,-2,0.00112684,0.00112672
2.07,-2,0.00112726,0.00112713
2.08,-2,0.00112751,0.00112742
2.09,-2,0.00112797,0.00112781
2.1,-2,0.00112825,0.00112808
2.11,-2,0.00112857,0.00112847
2.12,-2,0.00112885,0.00112879
2.13,-2,0.00112928,0.00112906
2.14,-2,0.00112964,0.00112952
2.15,-2,0.00112988,0.00112984
2.16,-2,0.00113023,0.00113015
2.17,-2,0.00113061,0.00113045
2.18,-2,0.00113094,0.00113077
2.19,-2,0.0011313,0.00113109
2.2,-2,0.00113165,0.00113151
2.21,-2,0.00113189,0.00113192
2.22,-2,0.00113225,0.0011321
2.23,-2,0.00113252,0.00113248
2.24,-2,0.00113284,0.00113277
2.25,-2,0.00113317,0.0011331
2.26,-2,0.00113353,0.00113343
2.27,-2,0.00113383,0.00113369
2.28,-2,0.00113414,0.00113409
2.29,-2,0.00113449,0.00113432
2.3,-2,0.00113485,0.00113471
2.31,-2,0.00113513,0.0011351
2.32,-2,0.00113551,0.00113544
2.33,-2,0.00113584,0.00113567
2.34,-2,0.00113609,0.0011359
2.35,-2,0.00113639,0.0011364
2.36,-2,0.00113668,0.00113654
2.37,-2,0.00113707,0.00113683
2.38,-2,0.00113728,0.00113717
2.39,-2,0.00113765,0.0011376
2.4,-2,0.00113804,0.00113777
2.41,-2,0.00113818,0.00113804
2.42,-2,0.00113849,0.00113848
2.43,-2,0.00113877,0.00113871
2.44,-2,0.00113909,0.00113896
2.45,-2,0.00113951,0.00113932
2.46,-2,0.00113978,0.0011396
2.47,-2,0.00113999,0.00113989
2.48,-2,0.0011403,0.0011404
2.49,-2,0.0011407,0.0011406
2.5,-2,0.0011411,0.0011408
2.51,-2,0.0011411,0.0011413
2.52,-2,0.0011415,0.0011416
2.53,-2,0.0011421,0.0011417
2.54,-2,0.0011422,0.0011418
2.55,-2,0.0011424,0.0011424
2.56,-2,0.0011428,0.0011428
2.57,-2,0.0011432,0.001143
2.58,-2,0.0011434,0.0011432
2.59,-2,0.0011437,0.0011434
2.6,-2,0.001144,0.0011439
2.61,-2,0.0011444,0.0011441
2.62,-2,0.0011445,0.0011445
2.63,-2,0.0011447,0.0011446
2.64,-2,0.0011451,0.0011452
2.65,-2,0.0011455,0.0011453
2.66,-2,0.0011458,0.0011457
2.67,-2,0.0011461,0.0011458
2.68,-2,0.0011462,0.0011462
2.69,-2,0.0011464,0.0011465
2.7,-2,0.0011469,0.0011467
2.71,-2,0.0011471,0.001147
2.72,-2,0.0011476,0.0011473
2.73,-2,0.0011476,0.0011475
2.74,-2,0.0011481,0.0011481
2.75,-2,0.0011483,0.0011481
2.76,-2,0.0011484,0.0011485
2.77,-2,0.0011487,0.0011489
2.78,-2,0.0011491,0.001149
2.79,-2,0.0011494,0.0011492
2.8,-2,0.0011496,0.0011497
2.81,-2,0.0011499,0.0011498
2.82,-2,0.0011503,0.00115
2.83,-2,0.0011505,0.0011503
2.84,-2,0.0011506,0.0011507
2.85,-2,0.001151,0.0011509
2.86,-2,0.0011514,0.0011511
2.87,-2,0.0011515,0.0011514
2.88,-2,0.0011519,0.0011519
2.89,-2,0.0011521,0.0011519
2.9,-2,0.0011523,0.0011523
2.91,-2,0.0011527,0.0011526
2.92,-2,0.001153,0.0011529
2.93,-2,0.0011534,0.001153
2.94,-2,0.0011534,0.0011533
2.95,-2,0.0011537,0.0011537
2.96,-2,0.001154,0.001154
2.97,-2,0.0011543,0.0011543
2.98,-2,0.0011544,0.0011544
2.99,-2,0.0011549,0.0011547
3,-2,0.0011551,0.0011548
3.01,-2,0.0011555,0.0011553
3.02,-2,0.0011555,0.0011556
3.03,-2,0.0011559,0.0011557
3.04,-2,0.0011564,0.0011561
3.05,-2,0.0011565,0.0011563
3.06,-2,0.0011566,0.0011567
3.07,-2,0.0011571,0.0011569
3.08,-2,0.0011573,0.0011571
3.09,-2,0.0011576,0.0011574
3.1,-2,0.0011578,0.0011577
3.11,-2,0.0011581,0.0011577
3.12,-2,0.0011583,0.0011583
3.13,-2,0.0011586,0.0011585
3.14,-2,0.0011589,0.0011587
3.15,-2,0.001159,0.001159
3.16,-2,0.0011595,0.0011595
3.17,-2,0.0011596,0.0011595
3.18,-2,0.00116,0.0011599
3.19,-2,0.0011603,0.0011601
3.2,-2,0.0011603,0.0011602
3.21,-2,0.0011608,0.0011607
3.22,-2,0.0011612,0.0011609
3.23,-2,0.0011613,0.0011611
3.24,-2,0.0011618,0.0011613
3.25,-2,0.0011618,0.0011617
3.26,-2,0.0011622,0.001162
3.27,-2,0.0011624,0.0011622
3.28,-2,0.0011628,0.0011625
3.29,-2,0.0011629,0.0011626
3.3,-2,0.0011631,0.001163
3.31,-2,0.0011634,0.0011632
3.32,-2,0.0011637,0.0011636
3.33,-2,0.0011638,0.0011638
3.34,-2,0.0011641,0.001164
3.35,-2,0.0011644,0.0011644
3.36,-2,0.0011648,0.0011645
3.37,-2,0.001165,0.0011651
3.38,-2,0.0011652,0.0011651
3.39,-2,0.0011655,0.0011657
3.4,-2,0.0011659,0.0011656
3.41,-2,0.0011661,0.001166
3.42,-2,0.0011663,0.0011662
3.43,-2,0.0011665,0.0011664
3.44,-2,0.0011667,0.0011666
3.45,-2,0.0011668,0.0011671
3.46,-2,0.0011674,0.0011672
3.47,-2,0.0011677,0.0011675
3.48,-2,0.0011679,0.0011677
3.49,-2,0.0011685,0.001168
3.5,-2,0.0011684,0.0011683
3.51,-2,0.0011686,0.0011685
3.52,-2,0.001169,0.0011688
3.53,-2,0.0011693,0.0011692
3.54,-2,0.0011696,0.0011695
3.55,-2,0.0011697,0.0011696
3.56,-2,0.0011701,0.0011698
3.57,-2,0.0011702,0.0011702
3.58,-2,0.0011707,0.0011704
3.59,-2,0.0011708,0.0011708
3.6,-2,0.0011709,0.001171
3.61,-2,0.0011713,0.0011712
3.62,-2,0.0011716,0.0011715
3.63,-2,0.0011719,0.0011719
3.64,-2,0.0011721,0.0011722
3.65,-2,0.0011726,0.0011723
3.66,-2,0.0011727,0.0011728
3.67,-2,0.0011729,0.0011729
3.68,-2,0.0011732,0.0011733
3.69,-2,0.0011738,0.0011733
3.7,-2,0.0011738,0.0011733
3.71,-2,0.001174,0.0011739
3.72,-2,0.0011743,0.0011742
3.73,-2,0.0011745,0.0011743
3.74,-2,0.0011749,0.0011747
3.75,-2,0.0011752,0.0011751
3.76,-2,0.0011754,0.0011754
3.77,-2,0.0011758,0.0011758
3.78,-2,0.0011761,0.0011761
3.79,-2,0.0011764,0.0011764
3.8,-2,0.0011766,0.0011767
3.81,-2,0.0011769,0.0011768
3.82,-2,0.0011771,0.0011774
3.83,-2,0.0011774,0.0011773
3.84,-2,0.0011777,0.0011776
3.85,-2,0.0011778,0.0011778
3.86,-2,0.0011784,0.0011783
3.87,-2,0.0011786,0.0011785
3.88,-2,0.0011788,0.0011787
3.89,-2,0.0011793,0.0011788
3.9,-2,0.0011794,0.0011794
3.91,-2,0.0011796,0.0011796
3.92,-2,0.0011799,0.00118
3.93,-2,0.0011802,0.0011802
3.94,-2,0.0011804,0.0011806
3.95,-2,0.0011809,0.0011809
3.96,-2,0.0011809,0.0011809
3.97,-2,0.0011815,0.0011814
3.98,-2,0.0011817,0.0011818
3.99,-2,0.001182,0.0011819
4,-2,0.0011823,0.0011823
4.01,-2,0.0011824,0.0011825
4.02,-2,0.001183,0.0011828
4.03,-2,0.0011832,0.0011833
4.04,-2,0.0011834,0.0011833
4.05,-2,0.0011835,0.0011839
4.06,-2,0.0011839,0.0011839
4.07,-2,0.0011844,0.0011844
4.08,-2,0.0011846,0.0011846
4.09,-2,0.0011851,0.001185
4.1,-2,0.0011851,0.0011851
4.11,-2,0.0011857,0.0011857
4.12,-2,0.0011862,0.0011858
4.13,-2,0.0011862,0.0011861
4.14,-2,0.0011867,0.0011864
4.15,-2,0.0011868,0.0011866
4.16,-2,0.0011872,0.0011872
4.17,-2,0.0011875,0.0011874
4.18,-2,0.0011878,0.0011876
4.19,-2,0.0011884,0.0011882
4.2,-2,0.0011886,0.0011886
4.21,-2,0.0011888,0.0011888
4.22,-2,0.0011891,0.0011892
4.23,-2,0.0011895,0.0011895
4.24,-2,0.0011898,0.0011901
4.25,-2,0.00119,0.0011901
4.26,-2,0.0011906,0.0011905
4.27,-2,0.001191,0.0011909
4.28,-2,0.0011912,0.0011913
4.29,-2,0.0011915,0.0011916
4.3,-2,0.0011917,0.0011917
4.31,-2,0.001192,0.001192
4.32,-2,0.0011923,0.0011924
4.33,-2,0.0011929,0.0011927
4.34,-2,0.0011931,0.0011934
4.35,-2,0.0011935,0.0011938
4.36,-2,0.0011939,0.0011941
4.37,-2,0.0011943,0.0011946
4.38,-2,0.0011948,0.0011949
4.39,-2,0.0011951,0.0011953
4.4,-2,0.0011953,0.0011957
4.41,-2,0.0011959,0.0011957
4.42,-2,0.0011961,0.0011962
4.43,-2,0.0011965,0.0011965
4.44,-2,0.001197,0.0011971
4.45,-2,0.0011977,0.0011974
4.46,-2,0.0011979,0.0011978
4.47,-2,0.0011983,0.0011983
4.48,-2,0.0011987,0.0011985
4.49,-2,0.0011991,0.0011988
4.5,-2,0.0011997,0.0011998
4.51,-2,0.0012,0.0012001
4.52,-2,0.0012004,0.0012004
4.53,-2,0.0012007,0.0012008
4.54,-2,0.0012011,0.0012013
4.55,-2,0.0012015,0.0012014
4.56,-2,0.001202,0.0012022
4.57,-2,0.0012025,0.0012025
4.58,-2,0.0012027,0.0012028
4.59,-2,0.0012036,0.0012036
4.6,-2,0.0012037,0.0012037
4.61,-2,0.0012042,0.0012044
4.62,-2,0.0012046,0.0012046
4.63,-2,0.0012054,0.0012054
4.64,-2,0.0012055,0.0012055
4.65,-2,0.0012062,0.0012063
4.66,-2,0.0012066,0.0012066
4.67,-2,0.0012069,0.001207
4.68,-2,0.0012076,0.0012077
4.69,-2,0.001208,0.001208
4.7,-2,0.0012084,0.0012084
4.71,-2,0.001209,0.001209
4.72,-2,0.0012093,0.0012098
4.73,-2,0.00121,0.0012102
4.74,-2,0.0012105,0.0012106
4.75,-2,0.001211,0.0012112
4.76,-2,0.0012116,0.0012119
4.77,-2,0.001212,0.0012121
4.78,-2,0.001213,0.0012127
4.79,-2,0.0012133,0.0012133
4.8,-2,0.0012138,0.001214
4.81,-2,0.0012144,0.0012144
4.82,-2,0.0012149,0.001215
4.83,-2,0.0012155,0.0012156
4.84,-2,0.0012162,0.0012163
4.85,-2,0.0012168,0.0012168
4.86,-2,0.0012173,0.0012173
4.87,-2,0.0012178,0.001218
4.88,-2,0.0012186,0.0012184
4.89,-2,0.0012193,0.0012192
4.9,-2,0.0012199,0.0012198
4.91,-2,0.0012203,0.0012203
4.92,-2,0.0012211,0.0012207
4.93,-2,0.0012217,0.0012217
4.94,-2,0.0012221,0.0012222
4.95,-2,0.0012228,0.001223
4.96,-2,0.0012236,0.0012234
4.97,-2,0.0012242,0.0012242
4.98,-2,0.0012248,0.0012248
4.99,-2,0.0012257,0.0012257
5,-2,0.0012263,0.0012259
