VGS,VDS,ID1,ID2
0,0,-0.000000011176,-0.000000012824
0,0.00999999999999979,0.000000012646,0.000000011284
0,0.0199999999999996,-0.00000001094,0.000000012032
0,0.0300000000000002,-0.000000012369,-0.000000010152
0,0.04,-0.000000012769,-0.000000012113
0,0.0499999999999998,0.000000010159,-0.000000012339
0,0.0599999999999996,0.000000011701,0.000000009549
0,0.0700000000000003,-0.000000009239,0.000000011348
0,0.0800000000000001,-0.00000001274,-0.000000008731
0,0.0899999999999999,0.000000010371,-0.000000012326
0,0.0999999999999996,0.000000011702,0.000000009955
0,0.11,0.000000012661,0.000000011389
0,0.12,-0.000000010979,0.000000012264
0,0.13,-0.000000012375,-0.000000010796
0,0.14,-0.000000012685,-0.000000011971
0,0.15,0.000000009611,0.000000008185
0,0.16,0.000000012956,0.000000012353
0,0.17,-0.000000012162,-0.000000011182
0,0.18,-0.000000013169,-0.000000012012
0,0.19,0.000000011916,0.000000008403
0,0.2,-0.000000009652,0.000000012502
0,0.21,-0.000000012607,-0.000000011542
0,0.22,0.000000010879,-0.000000012682
0,0.23,0.000000011599,0.000000011513
0,0.24,-0.000000009502,-0.000000009217
0,0.25,-0.000000012585,-0.000000012323
0,0.26,0.000000010143,0.000000010496
0,0.27,0.000000011535,0.00000001285
0,0.28,0.000000012468,-0.00000001196
0,0.29,0.000000011567,0.000000008386
0,0.3,0.000000012499,0.000000012457
0,0.31,-0.000000010916,-0.000000011436
0,0.32,-0.000000012292,-0.000000012654
0,0.33,-0.000000012573,0.000000011492
0,0.34,0.000000009535,-0.000000009172
0,0.35,0.000000011418,-0.000000012335
0,0.36,0.000000013334,0.000000010415
0,0.37,-0.000000012155,0.00000001288
0,0.38,0.000000008734,-0.00000001197
0,0.39,0.000000012573,0.000000008363
0,0.4,-0.000000011353,0.000000012438
0,0.41,-0.000000012034,-0.00000001141
0,0.42,0.000000008586,-0.000000012641
0,0.43,0.000000012466,0.000000011461
0,0.44,-0.000000011047,-0.000000009125
0,0.45,-0.000000012122,-0.000000012322
0,0.46,-0.000000012478,0.000000010366
0,0.47,0.00000000968,0.00000001145
0,0.48,0.000000011412,-0.000000009066
0,0.49,0.000000012192,-0.000000012341
0,0.5,0.000000011393,0.000000010235
0,0.51,0.000000012222,0.000000011413
0,0.52,-0.000000010452,-0.000000008955
0,0.53,-0.000000012126,-0.000000012328
0,0.54,-0.000000012972,0.000000010153
0,0.55,0.000000011714,0.00000001144
0,0.56,0.000000012604,-0.000000008816
0,0.57,-0.000000011701,-0.000000012334
0,0.58,-0.000000011964,0.000000010097
0,0.59,0.000000008538,0.000000011394
0,0.6,0.000000012506,-0.000000008697
0,0.61,-0.000000011476,-0.000000012316
0,0.62,-0.000000011977,0.000000009982
0,0.63,0.000000008339,0.000000011402
0,0.64,0.000000012442,0.000000012274
0,0.65,-0.000000011212,-0.000000010749
0,0.66,-0.000000011965,-0.000000011898
0,0.67,0.000000008494,0.000000008174
0,0.68,0.000000012373,0.000000012357
0,0.690000000000001,-0.000000010875,-0.000000011084
0,0.7,-0.000000012082,-0.000000011877
0,0.71,-0.000000012425,0.000000008424
0,0.72,0.000000009566,0.000000012486
0,0.73,0.000000011299,-0.000000011429
0,0.74,0.000000012042,-0.000000012584
0,0.75,0.000000011339,0.000000011502
0,0.76,0.000000012162,-0.000000009149
0,0.77,-0.000000010255,-0.000000012272
0,0.78,-0.000000012039,0.000000010477
0,0.79,-0.000000012399,0.000000012883
0,0.8,0.000000009501,-0.000000011925
0,0.81,0.000000011262,0.000000008397
0,0.82,0.000000012064,0.000000012468
0,0.83,0.00000001131,-0.000000011406
0,0.84,0.00000001213,-0.000000011899
0,0.85,0.000000011309,0.000000008392
0,0.86,0.000000012185,0.000000012447
0,0.87,-0.000000010411,-0.000000011337
0,0.88,-0.000000012081,-0.000000012594
0,0.89,-0.000000012923,0.000000011455
0,0.9,0.000000011678,-0.000000009084
0,0.91,0.000000012561,-0.000000012307
0,0.92,-0.000000011659,0.000000010307
0,0.93,-0.000000012777,0.000000011421
0,0.94,0.000000011511,-0.000000008991
0,0.95,-0.000000009261,-0.000000012292
0,0.96,-0.000000012312,0.000000010208
0,0.97,0.000000010502,0.000000011404
0,0.98,0.000000011363,-0.000000008852
0,0.99,0.000000012382,-0.000000012311
0,1,-0.000000011157,0.000000010105
0,1.01,-0.000000011862,0.000000011383
0,1.02,0.000000008434,-0.000000008765
0,1.03,0.000000012301,-0.000000012306
0,1.04,0.000000011326,0.000000010029
0,1.05,0.000000012339,0.000000011325
0,1.06,-0.000000011004,-0.000000008667
0,1.07,-0.000000011945,-0.000000012349
0,1.08,-0.00000001232,0.00000000989
0,1.09,0.000000009701,0.000000011338
0,1.1,0.000000011299,0.00000001223
0,1.11,0.000000012161,-0.000000010787
0,1.12,0.000000011313,-0.000000012125
0,1.13,0.000000012184,0.000000007592
0,1.14,0.000000011329,0.000000012274
0,1.15,0.00000001225,-0.000000010655
0,1.16,-0.000000010666,-0.000000012054
0,1.17,-0.000000011919,0.000000008109
0,1.18,-0.000000012319,0.000000012389
0,1.19,0.000000009873,-0.000000011125
0,1.2,0.000000011287,-0.000000012101
0,1.21,0.000000012158,0.000000007971
0,1.22,0.00000001131,0.000000012359
0,1.23,0.00000001227,-0.000000011053
0,1.24,-0.000000010572,-0.000000012105
0,1.25,-0.000000011898,0.000000008359
0,1.26,-0.000000012304,0.000000012502
0,1.27,0.000000009834,-0.000000011434
0,1.28,0.00000001128,-0.000000012732
0,1.29,0.00000001218,0.0000000115
0,1.3,0.000000011295,-0.000000009179
0,1.31,0.000000012258,-0.000000012519
0,1.32,-0.00000001063,0.000000010322
0,1.33,-0.000000011895,0.000000011502
0,1.34,0.00000000805,-0.000000009032
0,1.35,0.0000000123,-0.000000012463
0,1.36,-0.000000010896,0.000000010276
0,1.37,-0.000000011973,0.000000011518
0,1.38,-0.000000012328,-0.000000008975
0,1.39,-0.000000011977,-0.000000012527
0,1.4,-0.000000012344,0.000000010141
0,1.41,0.000000009682,0.000000011524
0,1.42,0.000000011255,-0.000000008793
0,1.43,0.000000012098,-0.000000012508
0,1.44,0.000000011298,0.000000010125
0,1.45,0.000000012172,0.000000011568
0,1.46,0.000000011284,0.000000012453
0,1.47,0.000000012214,-0.000000010912
0,1.48,-0.000000010615,-0.000000012116
0,1.49,-0.000000011849,0.000000008335
0,1.5,0.000000008047,0.000000012597
0,1.51,0.000000012322,-0.000000011311
0,1.52,-0.000000010826,-0.00000001216
0,1.53,-0.000000011979,0.000000008604
0,1.54,-0.000000012313,0.000000012703
0,1.55,0.000000009557,-0.000000011669
0,1.56,0.000000011241,-0.000000012858
0,1.57,0.000000012034,0.000000011696
0,1.58,0.000000011248,-0.000000009337
0,1.59,0.000000012105,-0.000000012511
0,1.6,0.000000011236,0.000000010639
0,1.61,0.000000012203,0.000000012929
0,1.62,0.000000011286,-0.000000012185
0,1.63,0.000000012223,0.000000008102
0,1.64,0.000000011258,0.000000012517
0,1.65,0.000000012268,-0.000000011121
0,1.66,0.000000011271,-0.000000012223
0,1.67,0.000000012303,0.000000008034
0,1.68,-0.000000010924,0.000000012471
0,1.69,-0.000000011826,-0.00000001103
0,1.7,0.000000008318,-0.000000012154
0,1.71,0.000000012235,0.00000000838
0,1.72,0.000000011255,0.000000012635
0,1.73,0.000000012264,-0.000000011422
0,1.74,-0.000000010788,-0.00000001276
0,1.75,-0.000000011975,0.000000011559
0,1.76,-0.000000012314,-0.000000009146
0,1.77,-0.000000011974,-0.000000012528
0,1.78,-0.000000012314,0.000000010353
0,1.79,0.000000009663,0.000000011614
0,1.8,0.000000011263,-0.000000008996
0,1.81,0.00000001208,-0.000000012518
0,1.82,0.000000011287,0.000000010256
0,1.83,0.000000012141,0.00000001157
0,1.84,0.000000011277,-0.000000008874
0,1.85,0.000000012224,-0.000000012553
0,1.86,0.000000011221,0.000000010189
0,1.87,0.000000012243,0.000000011603
0,1.88,0.0000000113,-0.000000009287
0,1.89,0.000000012274,-0.000000012556
0,1.9,-0.00000001087,0.000000010519
0,1.91,-0.00000001194,0.000000013061
0,1.92,-0.0000000123,-0.000000012134
0,1.93,0.000000009603,0.000000008481
0,1.94,0.000000011235,0.000000012631
0,1.95,0.000000012033,-0.000000011483
0,1.96,0.000000011238,-0.00000001276
0,1.97,0.000000012116,0.000000011643
0,1.98,0.000000011262,-0.000000009168
0,1.99,0.000000012153,-0.000000012524
0,2,0.000000011239,0.000000010461
0,2.01,0.000000012216,0.000000011611
0,2.02,0.00000001124,-0.000000009129
0,2.03,0.000000012258,-0.000000012542
0,2.04,-0.000000010796,0.000000010336
0,2.05,-0.000000011815,0.000000011618
0,2.06,0.000000008167,-0.000000008944
0,2.07,0.000000012309,-0.000000012509
0,2.08,-0.000000011016,0.000000010272
0,2.09,-0.000000011835,0.000000011557
0,2.1,0.000000008352,-0.00000000885
0,2.11,0.000000012251,-0.000000012578
0,2.12,0.000000011203,0.000000010145
0,2.13,0.000000012243,0.000000011568
0,2.14,-0.000000010911,0.000000012522
0,2.15,-0.000000011813,-0.000000010955
0,2.16,-0.000000012261,-0.000000012159
0,2.17,0.000000010029,0.00000000837
0,2.18,0.000000011239,0.000000012587
0,2.19,0.000000012242,-0.000000011378
0,2.2,-0.000000010771,-0.000000012191
0,2.21,-0.000000011991,0.000000008598
0,2.22,-0.000000012276,0.000000012724
0,2.23,0.000000009418,-0.000000011739
0,2.24,0.000000011144,-0.000000012898
0,2.25,0.000000011957,0.000000011728
0,2.26,0.000000011238,-0.000000009372
0,2.27,0.000000012013,-0.000000012541
0,2.28,0.000000011253,0.000000010725
0,2.29,0.000000012101,0.000000012965
0,2.3,-0.000000010307,-0.000000012214
0,2.31,-0.00000001193,0.00000000815
0,2.32,-0.000000012293,0.000000012541
0,2.33,0.000000009594,-0.000000011178
0,2.34,0.000000011228,-0.000000012151
0,2.35,0.000000012019,0.000000008529
0,2.36,0.000000011246,0.000000012662
0,2.37,0.000000012096,-0.000000011537
0,2.38,0.00000001122,-0.00000001281
0,2.39,0.000000012166,0.000000011674
0,2.4,0.00000001126,-0.000000009227
0,2.41,0.000000012202,-0.000000012551
0,2.42,-0.000000010628,0.000000010514
0,2.43,-0.000000011973,0.00000001305
0,2.44,-0.000000012271,-0.000000012155
0,2.45,0.000000009294,0.000000008474
0,2.46,0.00000001112,0.000000012645
0,2.47,0.000000013062,-0.000000011488
0,2.48,-0.000000011925,-0.000000012156
0,2.49,0.000000008502,0.000000008352
0,2.5,0.00000001234,0.000000012594
0,2.51,-0.000000011109,-0.000000011367
0,2.52,-0.000000011823,-0.000000012764
0,2.53,0.000000008358,0.000000011617
0,2.54,0.000000012279,-0.000000009133
0,2.55,0.000000011264,-0.000000012553
0,2.56,0.000000012288,0.000000010298
0,2.57,-0.000000011016,0.000000011641
0,2.58,-0.000000011789,-0.000000008942
0,2.59,-0.000000012253,-0.00000001255
0,2.6,0.000000010121,0.000000010239
0,2.61,0.000000011249,0.000000011616
0,2.62,0.000000012258,-0.000000008833
0,2.63,-0.00000001082,-0.00000001255
0,2.64,-0.000000011916,0.000000010173
0,2.65,-0.000000012287,0.000000011584
0,2.66,0.000000009495,0.000000012506
0,2.67,0.000000011195,-0.000000010952
0,2.68,0.00000001199,-0.000000012177
0,2.69,0.000000011218,0.000000008319
0,2.7,0.000000012058,0.00000001243
0,2.71,0.000000011256,-0.000000010799
0,2.72,0.000000012132,-0.000000012296
0,2.73,0.000000011258,-0.000000012573
0,2.74,0.000000012183,0.000000009633
0,2.75,0.000000011199,0.000000011513
0,2.76,0.00000001223,0.000000012286
0,2.77,0.000000011226,-0.000000010401
0,2.78,0.00000001224,-0.00000001229
0,2.79,-0.000000010893,-0.000000012589
0,2.8,-0.000000011933,0.000000009849
0,2.81,-0.00000001226,0.000000011556
0,2.82,0.000000009535,0.000000012381
0,2.83,0.000000011195,-0.000000010552
0,2.84,0.000000011981,-0.000000012237
0,2.85,0.000000011197,0.000000008038
0,2.86,0.000000012087,0.000000012536
0,2.87,0.000000011201,-0.000000011028
0,2.88,0.000000012121,-0.000000012252
0,2.89,0.000000011222,-0.000000012608
0,2.9,0.000000012186,0.000000009833
0,2.91,0.000000011199,0.000000011585
0,2.92,0.000000012239,-0.00000000903
0,2.93,-0.00000001077,-0.000000012585
0,2.94,-0.000000011797,0.000000010233
0,2.95,-0.000000012197,0.000000011583
0,2.96,0.000000009912,-0.000000008818
0,2.97,0.000000011215,-0.000000012574
0,2.98,0.00000001219,0.000000010138
0,2.99,0.000000011221,0.00000001159
0,3,0.000000012204,-0.000000008755
0,3.01,0.000000011223,-0.000000012605
0,3.02,0.00000001222,0.000000010035
0,3.03,0.000000011246,0.000000011599
0,3.04,0.00000001226,0.000000012457
0,3.05,-0.000000010998,-0.000000010844
0,3.06,-0.00000001176,-0.000000012177
0,3.07,-0.000000012234,0.000000008229
0,3.08,0.00000001012,0.000000012556
0,3.09,0.000000011215,-0.00000001128
0,3.1,0.000000012219,-0.000000012174
0,3.11,-0.000000010849,0.000000008554
0,3.12,-0.000000011904,0.000000012675
0,3.13,-0.000000012242,-0.000000011632
0,3.14,0.000000009519,-0.000000012908
0,3.15,0.000000011206,0.000000011675
0,3.16,0.000000012047,-0.000000009341
0,3.17,0.000000011304,-0.000000012565
0,3.18,0.000000012248,0.000000010574
0,3.19,0.000000011602,0.000000011641
0,3.2,0.00000001255,-0.000000009233
0,3.21,-0.000000010819,-0.000000012561
0,3.22,-0.000000012341,0.000000010434
0,3.23,0.00000000821,0.000000011625
0,3.24,0.000000012685,-0.0000000091
0,3.25,-0.000000011068,-0.000000012559
0,3.26,-0.000000012228,0.000000010374
0,3.27,0.000000008491,0.000000011619
0,3.28,0.000000012761,-0.000000008983
0,3.29,-0.000000011327,-0.000000012578
0,3.3,-0.000000012256,0.000000010293
0,3.31,0.000000008716,0.000000011606
0,3.32,0.000000012859,-0.000000008884
0,3.33,-0.000000011512,-0.00000001257
0,3.34,-0.000000012255,0.00000001016
0,3.35,0.000000008789,0.0000000116
0,3.36,0.000000012912,-0.000000008751
0,3.37,-0.000000011735,-0.000000012571
0,3.38,-0.000000012343,0.000000010047
0,3.39,0.000000008956,0.000000011571
0,3.4,0.000000012943,0.000000012475
0,3.41,-0.000000011938,-0.000000010871
0,3.42,-0.000000013148,-0.000000012181
0,3.43,0.000000011881,0.000000008246
0,3.44,-0.000000009507,0.000000012601
0,3.45,-0.000000012719,-0.000000011259
0,3.46,0.000000010735,-0.00000001215
0,3.47,0.000000011784,0.00000000858
0,3.48,-0.000000009323,0.000000012544
0,3.49,-0.000000012774,-0.00000001117
0,3.5,0.00000001049,-0.000000012246
0,3.51,0.000000011733,0.000000008037
0,3.52,0.000000012752,0.000000012545
0,3.53,-0.00000001115,-0.000000011025
0,3.54,-0.000000012349,-0.000000012183
0,3.55,0.000000008432,0.000000008433
0,3.56,0.000000012766,0.000000012621
0,3.57,-0.000000011345,-0.000000011424
0,3.58,-0.00000001234,-0.000000012791
0,3.59,0.000000008652,0.000000011634
0,3.6,0.000000012815,-0.000000009123
0,3.61,-0.000000011591,-0.000000012581
0,3.62,-0.000000012325,0.000000010371
0,3.63,0.000000008761,0.000000011603
0,3.64,0.000000012752,-0.00000000903
0,3.65,-0.000000011298,-0.000000012573
0,3.66,-0.000000012324,0.000000010283
0,3.67,0.000000008586,0.000000011594
0,3.68,0.000000012814,-0.000000008917
0,3.69,-0.00000001148,-0.000000012587
0,3.7,-0.000000012307,0.000000010172
0,3.71,0.000000008717,0.000000011622
0,3.72,0.00000001284,0.000000012506
0,3.73,-0.000000011667,-0.000000010988
0,3.74,-0.000000012369,-0.000000012178
0,3.75,0.000000008818,0.000000008368
0,3.76,0.000000012907,0.000000012611
0,3.77,-0.000000011848,-0.000000011362
0,3.78,-0.000000012398,-0.000000012791
0,3.79,0.00000000896,0.000000011647
0,3.8,0.000000012839,-0.000000009065
0,3.81,-0.000000011602,-0.000000012556
0,3.82,-0.000000012337,0.000000010289
0,3.83,0.000000008757,0.000000013002
0,3.84,0.000000012865,-0.000000012227
0,3.85,-0.000000011802,0.000000008278
0,3.86,-0.000000012381,0.000000012547
0,3.87,0.000000008909,-0.000000011279
0,3.88,0.000000012813,-0.000000012239
0,3.89,-0.000000011481,0.000000008195
0,3.9,-0.000000012304,0.000000012548
0,3.91,0.000000008713,-0.000000011178
0,3.92,0.000000012733,-0.000000012163
0,3.93,-0.000000011197,0.000000008526
0,3.94,-0.000000012334,0.000000012522
0,3.95,0.000000008489,-0.000000011046
0,3.96,0.000000012788,-0.00000001225
0,3.97,-0.000000011399,0.000000007919
0,3.98,-0.00000001226,0.000000012504
0,3.99,0.000000008678,-0.000000010917
0,4,0.000000012862,-0.000000012179
0,4.01,-0.000000011569,0.000000008341
0,4.02,-0.000000012272,0.000000012608
0,4.03,0.000000008782,-0.000000011307
0,4.04,0.000000012913,-0.000000012178
0,4.05,-0.000000011758,0.000000008583
0,4.06,-0.000000012343,0.00000001271
0,4.07,0.000000008916,-0.000000011724
0,4.08,0.000000012956,-0.000000012906
0,4.09,-0.000000011936,0.000000011723
0,4.1,-0.000000013106,-0.000000009368
0,4.11,0.000000011856,-0.000000012585
0,4.12,-0.000000009448,0.000000010669
0,4.13,-0.000000012713,0.000000012939
0,4.14,0.000000010754,-0.000000012229
0,4.15,0.000000011797,0.000000008133
0,4.16,-0.000000009284,0.000000012527
0,4.17,-0.000000012703,-0.000000011152
0,4.18,0.000000010484,-0.000000012175
0,4.19,0.000000011764,0.000000008468
0,4.2,0.000000012774,0.000000012677
0,4.21,-0.000000011045,-0.000000011506
0,4.22,-0.000000012343,-0.000000012832
0,4.23,0.000000008424,0.00000001166
0,4.24,0.000000012789,-0.000000009224
0,4.25,-0.000000011286,-0.000000012553
0,4.26,-0.000000012293,0.000000010497
0,4.27,0.000000008576,0.000000011641
0,4.28,0.000000012854,-0.000000009087
0,4.29,-0.000000011499,-0.000000012564
0,4.3,-0.000000012275,0.000000010368
0,4.31,0.000000008726,0.000000011603
0,4.32,0.000000012884,-0.000000008985
0,4.33,-0.000000011684,-0.000000012559
0,4.34,-0.000000012345,0.000000010242
0,4.35,0.000000008875,0.000000011596
0,4.36,0.000000012808,0.000000012561
0,4.37,-0.000000011386,-0.000000011122
0,4.38,-0.000000012308,-0.000000012171
0,4.39,0.000000008683,0.000000008442
0,4.4,0.000000012846,0.000000012619
0,4.41,-0.000000011638,-0.000000011462
0,4.42,-0.000000012356,-0.000000012807
0,4.43,0.000000008774,0.000000011656
0,4.44,0.000000012887,-0.000000009178
0,4.45,-0.000000011804,-0.000000012543
0,4.46,-0.000000012418,0.000000010422
0,4.47,0.000000008924,0.000000011587
0,4.48,0.000000012942,-0.000000009097
0,4.49,-0.000000011964,-0.000000012565
0,4.5,-0.000000013186,0.000000010335
0,4.51,0.00000001185,0.000000011643
0,4.52,-0.000000009517,-0.000000008969
0,4.53,-0.000000012762,-0.000000012556
0,4.54,0.000000010732,0.000000010248
0,4.55,0.000000011762,0.000000012947
0,4.56,-0.000000009312,-0.0000000122
0,4.57,-0.000000012764,0.000000008163
0,4.58,0.000000010465,0.000000012544
0,4.59,0.000000011751,-0.000000011224
0,4.6,-0.000000008968,-0.000000012163
0,4.61,-0.000000012816,0.000000008526
0,4.62,0.000000010142,0.000000012656
0,4.63,0.000000011751,-0.000000011544
0,4.64,0.000000012607,-0.000000012848
0,4.65,-0.000000010729,0.000000011703
0,4.66,-0.000000012465,-0.000000009256
0,4.67,0.0000000081,-0.000000012537
0,4.68,0.000000012684,0.000000010564
0,4.69,-0.000000011015,0.000000013088
0,4.7,-0.00000001238,-0.000000012151
0,4.71,0.000000008347,0.00000000846
0,4.72,0.000000012784,0.000000012609
0,4.73,-0.000000011206,-0.000000011431
0,4.74,-0.000000012303,-0.000000012794
0,4.75,0.000000008511,0.000000011647
0,4.76,0.000000012825,-0.000000009181
0,4.77,-0.000000011405,-0.000000012526
0,4.78,-0.000000012308,0.000000010439
0,4.79,0.000000008664,0.000000011616
0,4.8,0.000000012833,0.000000012605
0,4.81,-0.000000011599,-0.000000011263
0,4.82,-0.000000012337,-0.00000001218
0,4.83,0.000000008767,0.000000008586
0,4.84,0.000000012894,0.00000001269
0,4.85,-0.000000011803,-0.000000011653
0,4.86,-0.00000001234,-0.000000012858
0,4.87,0.000000008938,0.000000011707
0,4.88,0.000000012782,-0.000000009356
0,4.89,-0.000000011544,-0.00000001255
0,4.9,-0.00000001228,0.000000010608
0,4.91,0.000000008708,0.000000012955
0,4.92,0.000000012696,-0.000000012251
0,4.93,-0.000000011218,0.000000008129
0,4.94,-0.000000012333,0.000000012528
0,4.95,0.00000000851,-0.000000011083
0,4.96,0.000000012739,-0.000000012157
0,4.97,-0.000000011387,0.000000008444
0,4.98,-0.000000012221,0.000000012632
0,4.99,0.000000008636,-0.000000011486
0,5,0.000000012802,-0.000000012801
1,0,0.00000001237,-0.000000012308
1,0.00999999999999979,-0.00000001046,-0.000000012576
1,0.0199999999999996,-0.000000012177,0.000000009474
1,0.0300000000000002,0.000000007922,0.000000011609
1,0.04,0.000000012452,0.000000012477
1,0.0499999999999998,-0.000000010729,-0.000000010816
1,0.0599999999999996,-0.000000012117,-0.000000012158
1,0.0700000000000003,0.000000008098,0.000000008268
1,0.0800000000000001,0.00000001248,0.000000012563
1,0.0899999999999999,-0.000000010942,-0.000000011251
1,0.0999999999999996,-0.00000001201,-0.000000012141
1,0.11,0.000000008345,0.000000008551
1,0.12,0.000000012507,0.000000012686
1,0.13,-0.000000011111,-0.000000011639
1,0.14,-0.000000011946,-0.00000001287
1,0.15,0.000000008444,0.000000011684
1,0.16,0.000000012565,-0.000000009366
1,0.17,-0.000000011274,-0.000000012584
1,0.18,-0.000000011948,0.000000010629
1,0.19,0.000000008559,0.000000013129
1,0.2,0.000000012569,-0.000000012203
1,0.21,-0.000000011437,0.000000008539
1,0.22,-0.000000011977,0.000000012666
1,0.23,0.000000008627,-0.000000011593
1,0.24,0.000000012417,-0.000000012895
1,0.25,-0.000000011183,0.000000011687
1,0.26,-0.000000011932,-0.000000009299
1,0.27,0.00000000839,-0.000000012571
1,0.28,0.00000001236,0.000000010565
1,0.29,-0.000000011371,0.000000013102
1,0.3,-0.000000011959,-0.000000012175
1,0.31,0.000000008481,0.000000008478
1,0.32,0.000000012481,0.00000001262
1,0.33,-0.000000011568,-0.00000001149
1,0.34,-0.000000012685,-0.000000012178
1,0.35,0.000000011317,0.000000008439
1,0.36,-0.0000000092,0.000000012639
1,0.37,-0.000000012385,-0.000000011427
1,0.38,0.000000010186,-0.0000000128
1,0.39,0.000000011407,0.000000011665
1,0.4,-0.000000009363,-0.000000009179
1,0.41,-0.000000012401,-0.000000012587
1,0.42,0.000000010456,0.000000010425
1,0.43,0.000000012887,0.000000011618
1,0.44,-0.000000011942,-0.000000009035
1,0.45,0.000000008277,-0.000000012537
1,0.46,0.00000001238,0.000000010338
1,0.47,-0.000000011288,0.000000011643
1,0.48,-0.000000011976,-0.000000008953
1,0.49,0.000000008403,-0.000000012569
1,0.5,0.000000012468,0.000000010259
1,0.51,-0.000000011474,0.000000011613
1,0.52,-0.000000011994,-0.00000000879
1,0.53,0.000000008535,-0.000000012547
1,0.54,0.000000012496,0.000000010138
1,0.55,-0.000000011698,0.000000011599
1,0.56,-0.00000001272,0.000000012489
1,0.57,0.000000011363,-0.000000010971
1,0.58,-0.000000009259,-0.000000012267
1,0.59,-0.000000012447,-0.000000012609
1,0.6,0.000000010246,0.000000009795
1,0.61,0.000000012725,0.000000011563
1,0.62,-0.000000012023,0.000000012345
1,0.63,0.000000008147,-0.000000010599
1,0.64,0.000000012246,-0.00000001231
1,0.65,-0.000000011273,0.000000007984
1,0.66,-0.00000001203,0.000000012503
1,0.67,0.000000008218,-0.000000011081
1,0.68,0.000000012243,-0.000000012228
1,0.690000000000001,-0.000000011521,0.000000007886
1,0.7,-0.000000012173,0.000000012475
1,0.71,0.000000008299,-0.000000010878
1,0.72,0.000000012293,-0.000000012159
1,0.73,-0.000000011764,0.000000008328
1,0.74,-0.000000012222,0.000000012585
1,0.75,0.00000000842,-0.000000011346
1,0.76,0.000000012362,-0.000000012735
1,0.77,-0.000000011909,0.000000011634
1,0.78,-0.000000012953,-0.000000009065
1,0.79,0.000000011353,-0.000000012554
1,0.8,-0.000000009433,0.000000010324
1,0.81,-0.000000012452,0.000000011583
1,0.82,0.000000010344,-0.000000008949
1,0.83,0.000000012882,-0.000000012575
1,0.84,-0.000000011907,0.000000010212
1,0.85,0.000000008389,0.000000011652
1,0.86,0.000000012484,-0.000000008858
1,0.87,-0.000000011188,-0.000000012539
1,0.88,-0.000000011871,0.000000010157
1,0.89,0.000000008543,0.000000011611
1,0.9,0.000000012595,0.000000012501
1,0.91,-0.000000011378,-0.000000010942
1,0.92,-0.000000011959,-0.000000012181
1,0.93,0.000000008617,0.000000008344
1,0.94,0.000000012607,0.000000012578
1,0.95,-0.000000011593,-0.000000011361
1,0.96,-0.000000012678,-0.000000012801
1,0.97,0.000000011586,0.000000011639
1,0.98,-0.000000009275,-0.000000009119
1,0.99,-0.000000012446,-0.000000012553
1,1,0.000000010322,0.000000010324
1,1.01,0.000000011253,0.000000011622
1,1.02,-0.000000009192,-0.000000008992
1,1.03,-0.000000012434,-0.000000012525
1,1.04,0.000000010157,0.00000001025
1,1.05,0.0000000113,0.000000011632
1,1.06,-0.000000008871,-0.000000008916
1,1.07,-0.000000012499,-0.000000012593
1,1.08,0.000000009839,0.000000010182
1,1.09,0.000000011309,0.000000011665
1,1.1,0.000000012229,-0.000000009337
1,1.11,-0.000000010628,-0.000000012584
1,1.12,-0.000000012161,0.000000010566
1,1.13,0.000000007866,0.000000013075
1,1.14,0.000000012361,-0.000000012213
1,1.15,-0.000000010762,0.000000008492
1,1.16,-0.000000012057,0.000000012626
1,1.17,0.000000008134,-0.000000011563
1,1.18,0.000000012441,-0.000000012886
1,1.19,-0.000000011023,0.000000011664
1,1.2,-0.00000001198,-0.000000009281
1,1.21,0.000000008412,-0.000000012525
1,1.22,0.000000012382,0.000000010497
1,1.23,-0.00000001065,0.000000013057
1,1.24,-0.000000012063,-0.000000012163
1,1.25,0.000000008127,0.000000008475
1,1.26,0.000000012471,0.000000012648
1,1.27,-0.000000010905,-0.000000011421
1,1.28,-0.000000011978,-0.000000012817
1,1.29,0.000000008268,0.000000011653
1,1.3,0.000000012376,-0.000000009205
1,1.31,-0.000000011154,-0.000000012529
1,1.32,-0.000000011947,0.000000010471
1,1.33,0.000000008428,0.000000013051
1,1.34,0.000000012511,-0.00000001217
1,1.35,-0.000000011305,0.000000008431
1,1.36,-0.00000001199,0.000000012629
1,1.37,0.000000008601,-0.000000011443
1,1.38,0.000000012661,-0.000000012799
1,1.39,-0.000000011432,0.000000011639
1,1.4,-0.000000011976,-0.000000009211
1,1.41,0.000000008727,-0.000000012545
1,1.42,0.000000012675,0.000000010355
1,1.43,-0.000000011649,0.000000013052
1,1.44,-0.000000012763,-0.000000012179
1,1.45,0.000000011589,0.00000000836
1,1.46,-0.000000009215,0.000000012614
1,1.47,-0.000000012392,-0.000000011337
1,1.48,0.000000010523,-0.000000012733
1,1.49,0.000000013067,0.000000011659
1,1.5,-0.000000011914,-0.000000009068
1,1.51,0.00000000838,-0.000000012533
1,1.52,0.000000012545,0.000000010356
1,1.53,-0.000000011216,0.00000001158
1,1.54,-0.000000011967,-0.00000000901
1,1.55,0.000000008492,-0.000000012527
1,1.56,0.000000012423,0.000000010256
1,1.57,-0.000000010925,0.000000012972
1,1.58,-0.000000011986,-0.000000012202
1,1.59,0.000000008331,0.000000008232
1,1.6,0.000000012484,0.000000012549
1,1.61,-0.000000011106,-0.000000011207
1,1.62,-0.000000011935,-0.000000012159
1,1.63,0.000000008457,0.000000008146
1,1.64,0.000000012571,0.000000012534
1,1.65,-0.000000011295,-0.000000011113
1,1.66,-0.000000011985,-0.000000012127
1,1.67,0.000000008596,0.000000008528
1,1.68,0.000000012592,0.000000012658
1,1.69,-0.00000001152,-0.000000011484
1,1.7,-0.000000011919,-0.000000012818
1,1.71,0.000000008397,0.000000011637
1,1.72,0.000000012392,-0.00000000927
1,1.73,-0.000000010739,-0.000000012562
1,1.74,-0.000000012051,0.000000010474
1,1.75,0.000000008148,0.000000011657
1,1.76,0.000000012424,-0.000000009141
1,1.77,-0.000000010953,-0.000000012561
1,1.78,-0.00000001197,0.000000010379
1,1.79,0.000000008353,0.000000011637
1,1.8,0.00000001247,-0.000000009041
1,1.81,-0.000000011192,-0.000000012545
1,1.82,-0.000000012046,0.000000010341
1,1.83,0.000000008082,0.000000011616
1,1.84,0.000000012419,-0.000000008949
1,1.85,-0.000000010918,-0.00000001254
1,1.86,-0.000000012001,0.000000010222
1,1.87,0.00000000828,0.000000011586
1,1.88,0.000000012446,-0.000000008849
1,1.89,-0.0000000111,-0.000000012528
1,1.9,-0.000000011986,0.000000010108
1,1.91,0.00000000842,0.000000011592
1,1.92,0.000000012541,0.000000012483
1,1.93,-0.000000011309,-0.000000010948
1,1.94,-0.000000011955,-0.000000012177
1,1.95,0.000000008579,0.000000008334
1,1.96,0.000000012585,0.000000012588
1,1.97,-0.000000011504,-0.00000001138
1,1.98,-0.000000012018,-0.000000012189
1,1.99,0.000000008663,0.000000008604
1,2,0.000000012631,0.000000012738
1,2.01,-0.000000011733,-0.000000011726
1,2.02,-0.000000012831,-0.000000012943
1,2.03,0.000000011553,0.000000011725
1,2.04,-0.000000009327,-0.00000000943
1,2.05,-0.000000012452,-0.000000012561
1,2.06,0.000000010489,0.000000010696
1,2.07,0.000000013006,0.000000012963
1,2.08,-0.000000011954,-0.000000012205
1,2.09,0.000000008401,0.000000008176
1,2.1,0.000000012495,0.000000012554
1,2.11,-0.000000011233,-0.000000011173
1,2.12,-0.000000012001,-0.000000012143
1,2.13,0.000000008527,0.000000008569
1,2.14,0.000000012584,0.000000012647
1,2.15,-0.000000011404,-0.000000011581
1,2.16,-0.000000011991,-0.000000012874
1,2.17,0.000000008594,0.000000011686
1,2.18,0.000000012612,-0.000000009307
1,2.19,-0.000000011644,-0.000000012547
1,2.2,-0.000000012748,0.000000010541
1,2.21,0.000000011527,0.000000011633
1,2.22,-0.000000009216,-0.000000009203
1,2.23,-0.000000012402,-0.000000012528
1,2.24,0.000000010389,0.000000010475
1,2.25,0.000000011582,0.000000011621
1,2.26,-0.000000009376,-0.000000009082
1,2.27,-0.000000012397,-0.000000012524
1,2.28,0.00000001063,0.000000010343
1,2.29,0.000000013082,0.00000001158
1,2.3,-0.000000011959,-0.000000008967
1,2.31,0.000000008441,-0.00000001252
1,2.32,0.000000012517,0.000000010268
1,2.33,-0.000000011347,0.000000011594
1,2.34,-0.000000011995,0.000000012535
1,2.35,0.00000000857,-0.000000011101
1,2.36,0.000000012461,-0.000000012176
1,2.37,-0.000000011092,0.000000008432
1,2.38,-0.000000011976,0.000000012599
1,2.39,0.000000008424,-0.000000011447
1,2.4,0.000000012508,-0.000000012217
1,2.41,-0.000000011296,0.000000008347
1,2.42,-0.000000011998,0.000000012587
1,2.43,0.000000008532,-0.0000000114
1,2.44,0.000000012577,-0.000000012209
1,2.45,-0.000000011452,0.000000008625
1,2.46,-0.000000012028,0.000000012719
1,2.47,0.000000008644,-0.000000011741
1,2.48,0.000000012628,-0.000000012918
1,2.49,-0.000000011658,0.000000011771
1,2.5,-0.000000012773,-0.000000009389
1,2.51,0.000000011541,-0.000000012567
1,2.52,-0.000000009267,0.000000010692
1,2.53,-0.000000012416,0.000000012986
1,2.54,0.000000010424,-0.000000012179
1,2.55,0.000000011405,0.000000008198
1,2.56,-0.000000009071,0.000000012582
1,2.57,-0.000000012423,-0.000000011218
1,2.58,0.000000010129,-0.000000012147
1,2.59,0.000000011453,0.000000008552
1,2.6,-0.000000009231,0.000000012684
1,2.61,-0.000000012452,-0.000000011559
1,2.62,0.000000010316,-0.000000012871
1,2.63,0.000000011539,0.000000011683
1,2.64,-0.000000009383,-0.000000009296
1,2.65,-0.000000012442,-0.000000012527
1,2.66,0.00000001055,0.000000010523
1,2.67,0.000000013017,0.000000012921
1,2.68,-0.000000011988,-0.000000012217
1,2.69,0.000000008393,0.000000008027
1,2.7,0.000000012507,0.000000012497
1,2.71,-0.000000011297,-0.000000010998
1,2.72,-0.00000001198,-0.000000012184
1,2.73,0.000000008532,0.000000008426
1,2.74,0.000000012541,0.00000001259
1,2.75,-0.000000011515,-0.000000011388
1,2.76,-0.000000012077,-0.00000001275
1,2.77,0.000000008629,0.000000011625
1,2.78,0.000000012647,-0.000000009109
1,2.79,-0.000000011702,-0.000000012553
1,2.8,-0.000000012842,0.000000010384
1,2.81,0.000000011531,0.000000013002
1,2.82,-0.000000009316,-0.000000012202
1,2.83,-0.000000012428,0.000000008296
1,2.84,0.000000010473,0.000000012598
1,2.85,0.000000011415,-0.000000011317
1,2.86,-0.000000009123,-0.000000012202
1,2.87,-0.000000012451,0.000000008619
1,2.88,0.000000010175,0.0000000127
1,2.89,0.000000011429,-0.000000011676
1,2.9,-0.000000008752,-0.000000012165
1,2.91,-0.000000012473,0.000000008556
1,2.92,0.000000009895,0.000000012685
1,2.93,0.000000011416,-0.000000011568
1,2.94,0.000000012291,-0.000000012853
1,2.95,-0.000000010512,0.000000011695
1,2.96,-0.000000012131,-0.000000009315
1,2.97,0.000000007929,-0.000000012545
1,2.98,0.000000012378,0.000000010587
1,2.99,-0.000000010729,0.000000012915
1,3,-0.000000012072,-0.000000012261
1,3.01,0.000000008075,0.000000008014
1,3.02,0.000000012389,0.00000001253
1,3.03,-0.000000011043,-0.000000011013
1,3.04,-0.000000012053,-0.000000012158
1,3.05,0.000000008318,0.000000008422
1,3.06,0.000000012483,0.000000012612
1,3.07,-0.000000011174,-0.000000011396
1,3.08,-0.000000012016,-0.00000001276
1,3.09,0.000000008411,0.000000011637
1,3.1,0.000000012374,-0.000000009134
1,3.11,-0.000000010936,-0.000000012541
1,3.12,-0.000000012049,0.000000010398
1,3.13,0.000000008191,0.000000011618
1,3.14,0.000000012406,-0.00000000905
1,3.15,-0.000000011131,-0.000000012565
1,3.16,-0.000000012058,0.000000010302
1,3.17,0.00000000829,0.000000011619
1,3.18,0.000000012404,-0.0000000089
1,3.19,-0.000000011365,-0.000000012542
1,3.2,-0.000000012125,0.00000001019
1,3.21,0.000000008363,0.000000011611
1,3.22,0.000000012412,-0.000000008799
1,3.23,-0.000000011634,-0.000000012547
1,3.24,-0.0000000122,0.000000010103
1,3.25,0.000000008448,0.000000011635
1,3.26,0.000000012227,-0.000000008644
1,3.27,-0.000000011437,-0.000000012555
1,3.28,-0.000000012263,0.00000000996
1,3.29,0.000000008079,0.000000011563
1,3.3,0.000000012202,0.000000012423
1,3.31,-0.000000011675,-0.000000010748
1,3.32,-0.000000012232,-0.000000012209
1,3.33,0.000000008362,0.000000008216
1,3.34,0.000000012228,0.000000012539
1,3.35,-0.000000011654,-0.000000011187
1,3.36,-0.00000001198,-0.000000012185
1,3.37,0.000000008697,0.000000008513
1,3.38,0.000000012631,0.000000012647
1,3.39,-0.000000011729,-0.000000011567
1,3.4,-0.000000012799,-0.00000001281
1,3.41,0.000000011523,0.000000011676
1,3.42,-0.000000009297,-0.000000009253
1,3.43,-0.000000012434,-0.000000012559
1,3.44,0.000000010401,0.000000010515
1,3.45,0.000000012809,0.000000011618
1,3.46,-0.000000012192,-0.000000009166
1,3.47,0.000000008197,-0.000000012551
1,3.48,0.000000012551,0.000000010424
1,3.49,-0.000000011082,0.000000011637
1,3.5,-0.000000011729,-0.000000009102
1,3.51,0.000000008874,-0.000000012544
1,3.52,0.000000012742,0.000000010302
1,3.53,-0.000000011176,0.000000011592
1,3.54,-0.000000011844,-0.000000008943
1,3.55,0.000000008684,-0.00000001255
1,3.56,0.000000012725,0.000000010195
1,3.57,-0.000000011403,0.000000012941
1,3.58,-0.000000011902,-0.00000001222
1,3.59,0.000000008895,0.000000008144
1,3.6,0.000000012742,0.000000012552
1,3.61,-0.000000011102,-0.000000011191
1,3.62,-0.000000011767,-0.000000012173
1,3.63,0.000000008745,0.000000008513
1,3.64,0.000000012808,0.000000012649
1,3.65,-0.000000011264,-0.000000011544
1,3.66,-0.000000011762,-0.000000012826
1,3.67,0.000000008953,0.000000011682
1,3.68,0.00000001299,-0.000000009254
1,3.69,-0.000000011338,-0.000000012565
1,3.7,-0.00000001243,0.000000010513
1,3.71,0.0000000119,0.000000011619
1,3.72,-0.000000008869,-0.000000009173
1,3.73,-0.000000012194,-0.000000012545
1,3.74,0.000000010609,0.000000010386
1,3.75,0.000000011532,0.000000011628
1,3.76,-0.000000008975,-0.000000009052
1,3.77,-0.000000012342,-0.000000012544
1,3.78,0.000000010238,0.000000010315
1,3.79,0.000000011461,0.000000011566
1,3.8,-0.000000008737,-0.000000008954
1,3.81,-0.000000012484,-0.000000012545
1,3.82,0.00000000988,0.000000010214
1,3.83,0.000000011368,0.000000011606
1,3.84,0.000000012203,-0.000000008824
1,3.85,-0.000000010557,-0.000000012571
1,3.86,-0.000000012241,0.000000010107
1,3.87,-0.000000012557,0.000000011654
1,3.88,0.000000009637,-0.000000009276
1,3.89,0.000000011379,-0.000000012541
1,3.9,-0.000000008811,0.000000010465
1,3.91,-0.00000001249,0.000000011607
1,3.92,0.000000009856,-0.000000009111
1,3.93,0.000000011381,-0.000000012548
1,3.94,0.000000012273,0.000000010371
1,3.95,-0.000000010593,0.000000012987
1,3.96,-0.000000012276,-0.000000012151
1,3.97,-0.000000012625,0.000000008377
1,3.98,0.000000009802,0.000000012609
1,3.99,0.000000011486,-0.000000011348
1,4,0.000000012337,-0.000000012719
1,4.01,-0.00000001041,0.000000011643
1,4.02,-0.000000012648,-0.000000009044
1,4.03,0.00000001121,-0.000000012531
1,4.04,0.000000013252,0.000000010335
1,4.05,-0.000000012219,0.000000011628
1,4.06,0.000000008589,-0.000000008921
1,4.07,0.000000012805,-0.000000012553
1,4.08,-0.000000011394,0.000000010188
1,4.09,-0.000000012235,0.000000011581
1,4.1,0.000000008715,-0.000000008814
1,4.11,0.000000012869,-0.000000012547
1,4.12,-0.000000011597,0.000000010098
1,4.13,-0.000000012285,0.000000011668
1,4.14,0.000000008862,-0.00000000921
1,4.15,0.000000012907,-0.000000012554
1,4.16,-0.000000011792,0.00000001049
1,4.17,-0.000000012356,0.000000011611
1,4.18,0.000000008947,-0.000000009114
1,4.19,0.000000012968,-0.000000012558
1,4.2,-0.000000012006,0.000000010371
1,4.21,-0.000000013175,0.000000011619
1,4.22,0.000000011849,-0.000000009004
1,4.23,-0.000000009501,-0.000000012575
1,4.24,-0.000000012722,0.000000010254
1,4.25,0.000000010817,0.000000011619
1,4.26,0.000000011776,-0.000000008873
1,4.27,-0.000000009321,-0.000000012519
1,4.28,-0.000000012749,0.000000010141
1,4.29,0.000000010497,0.000000011654
1,4.3,0.000000011751,-0.000000009245
1,4.31,-0.000000008922,-0.000000012552
1,4.32,-0.000000012785,0.000000010535
1,4.33,0.000000010191,0.000000012934
1,4.34,0.000000011742,-0.000000012281
1,4.35,0.000000012631,-0.000000012545
1,4.36,-0.000000010704,0.000000009986
1,4.37,-0.000000012409,0.000000011575
1,4.38,0.000000008048,-0.00000000908
1,4.39,0.000000012686,-0.000000012562
1,4.4,-0.000000010966,0.000000010335
1,4.41,-0.000000012356,0.000000012994
1,4.42,0.000000008326,-0.000000012165
1,4.43,0.000000012751,0.000000008318
1,4.44,-0.000000011143,0.000000012588
1,4.45,-0.000000012311,-0.000000011309
1,4.46,0.000000008536,-0.000000012178
1,4.47,0.000000012821,0.000000008618
1,4.48,-0.000000011341,0.000000012695
1,4.49,-0.000000012266,-0.000000011667
1,4.5,0.000000008661,-0.000000012125
1,4.51,0.000000012848,0.000000008538
1,4.52,-0.000000011545,0.000000012672
1,4.53,-0.000000012289,-0.000000011575
1,4.54,0.000000008777,-0.000000012868
1,4.55,0.000000012896,0.000000011653
1,4.56,-0.000000011753,-0.000000009288
1,4.57,-0.000000012332,-0.000000012562
1,4.58,0.000000008914,0.00000001054
1,4.59,0.000000012816,0.000000012928
1,4.6,-0.000000011442,-0.000000012255
1,4.61,-0.000000012276,-0.000000012555
1,4.62,0.000000008689,0.000000009965
1,4.63,0.000000012887,0.000000011596
1,4.64,-0.00000001164,-0.000000009089
1,4.65,-0.000000012301,-0.000000012572
1,4.66,0.000000008819,0.000000010336
1,4.67,0.000000012917,0.000000011618
1,4.68,-0.000000011752,-0.000000008952
1,4.69,-0.000000012357,-0.000000012555
1,4.7,0.000000008965,0.000000010283
1,4.71,0.000000012969,0.000000012973
1,4.72,-0.000000011969,-0.000000012248
1,4.73,-0.000000013165,0.0000000082
1,4.74,0.000000011874,0.000000012557
1,4.75,-0.000000009513,-0.000000011218
1,4.76,-0.000000012753,-0.000000012178
1,4.77,0.000000010774,0.000000008519
1,4.78,0.000000011741,0.000000012664
1,4.79,-0.000000009291,-0.000000011594
1,4.8,-0.00000001278,-0.000000012153
1,4.81,0.000000010454,0.000000008472
1,4.82,0.00000001177,0.00000001268
1,4.83,0.000000012708,-0.000000011494
1,4.84,-0.000000011087,-0.000000012785
1,4.85,-0.00000001233,0.000000011678
1,4.86,0.000000008407,-0.000000009189
1,4.87,0.000000012781,-0.000000012531
1,4.88,-0.000000011266,0.000000010505
1,4.89,-0.00000001231,0.000000011616
1,4.9,0.000000008583,-0.00000000911
1,4.91,0.000000012773,-0.000000012561
1,4.92,-0.000000011465,0.000000010356
1,4.93,-0.00000001229,0.000000013014
1,4.94,0.00000000871,-0.00000001216
1,4.95,0.000000012747,0.000000008343
1,4.96,-0.000000011119,0.00000001259
1,4.97,-0.000000012485,-0.000000011333
1,4.98,-0.000000012759,-0.000000012761
1,4.99,0.000000009762,0.000000011633
1,5,0.000000013015,-0.000000009035
2,0,0.000000078343,0.000000082904
2,0.00999999999999979,0.0000017721,0.000001755
2,0.0199999999999996,0.0000031285,0.0000030944
2,0.0300000000000002,0.000004306,0.0000043013
2,0.04,0.0000053504,0.0000053039
2,0.0499999999999998,0.0000062431,0.0000062344
2,0.0599999999999996,0.000007105,0.0000070383
2,0.0700000000000003,0.0000077555,0.000007717
2,0.0800000000000001,0.0000083624,0.0000083031
2,0.0899999999999999,0.0000088544,0.0000088005
2,0.0999999999999996,0.000009321,0.0000092646
2,0.11,0.000009758,0.0000096692
2,0.12,0.0000100947,0.00001004
2,0.13,0.0000104238,0.0000103301
2,0.14,0.0000106866,0.0000106325
2,0.15,0.0000109731,0.0000108911
2,0.16,0.0000112,0.0000111438
2,0.17,0.000011411,0.0000113656
2,0.18,0.000011645,0.000011567
2,0.19,0.000011812,0.000011744
2,0.2,0.000012011,0.000011922
2,0.21,0.000012176,0.000012114
2,0.22,0.000012364,0.000012275
2,0.23,0.000012512,0.000012447
2,0.24,0.000012666,0.000012596
2,0.25,0.000012801,0.000012733
2,0.26,0.000012969,0.000012887
2,0.27,0.000013095,0.000013029
2,0.28,0.000013245,0.000013166
2,0.29,0.000013371,0.000013275
2,0.3,0.000013504,0.000013416
2,0.31,0.000013629,0.00001354
2,0.32,0.000013756,0.000013667
2,0.33,0.000013866,0.000013783
2,0.34,0.000014001,0.0000139
2,0.35,0.000014102,0.000014027
2,0.36,0.000014224,0.000014151
2,0.37,0.000014341,0.000014254
2,0.38,0.000014442,0.000014366
2,0.39,0.00001454,0.000014481
2,0.4,0.000014662,0.000014584
2,0.41,0.000014774,0.000014681
2,0.42,0.000014874,0.000014785
2,0.43,0.000014971,0.000014874
2,0.44,0.000015084,0.000014983
2,0.45,0.000015164,0.000015089
2,0.46,0.000015267,0.000015183
2,0.47,0.000015372,0.000015292
2,0.48,0.000015477,0.000015392
2,0.49,0.000015575,0.000015469
2,0.5,0.000015672,0.000015571
2,0.51,0.000015745,0.000015664
2,0.52,0.000015861,0.000015777
2,0.53,0.000015948,0.000015855
2,0.54,0.000016208,0.000015944
2,0.55,0.000016136,0.000016033
2,0.56,0.00001623,0.000016139
2,0.57,0.000016315,0.000016229
2,0.58,0.000016411,0.000016307
2,0.59,0.000016475,0.000016398
2,0.6,0.000016589,0.000016492
2,0.61,0.000016662,0.000016558
2,0.62,0.000016745,0.00001667
2,0.63,0.000016843,0.000016741
2,0.64,0.000016921,0.000016846
2,0.65,0.000017027,0.000016916
2,0.66,0.000017095,0.000016998
2,0.67,0.000017194,0.00001709
2,0.68,0.000017276,0.000017167
2,0.690000000000001,0.000017344,0.000017245
2,0.7,0.000017434,0.00001734
2,0.71,0.000017513,0.000017424
2,0.72,0.000017597,0.000017501
2,0.73,0.000018039,0.000017577
2,0.74,0.000017751,0.00001766
2,0.75,0.000017837,0.000017732
2,0.76,0.000017903,0.000017812
2,0.77,0.000017995,0.000017892
2,0.78,0.000018076,0.00001798
2,0.79,0.000018156,0.000018051
2,0.8,0.000018232,0.000018141
2,0.81,0.000018419,0.000018217
2,0.82,0.000018378,0.000018301
2,0.83,0.000018471,0.000018366
2,0.84,0.000018545,0.000018447
2,0.85,0.000018627,0.000018516
2,0.86,0.00001868,0.00001859
2,0.87,0.000018775,0.000018661
2,0.88,0.000018851,0.000018735
2,0.89,0.000018924,0.000018814
2,0.9,0.000018982,0.000018911
2,0.91,0.000019073,0.000018961
2,0.92,0.000019136,0.000019052
2,0.93,0.000019211,0.000019122
2,0.94,0.000019294,0.000019191
2,0.95,0.000019356,0.000019265
2,0.96,0.000019448,0.000019342
2,0.97,0.000019525,0.000019413
2,0.98,0.00001958,0.000019481
2,0.99,0.000019665,0.000019556
2,1,0.000019736,0.000019625
2,1.01,0.000019838,0.000019709
2,1.02,0.000019871,0.000019782
2,1.03,0.000019964,0.000019844
2,1.04,0.000020013,0.000019911
2,1.05,0.000020096,0.000019986
2,1.06,0.000020155,0.000020052
2,1.07,0.000020234,0.000020114
2,1.08,0.000020292,0.000020197
2,1.09,0.000020386,0.000020261
2,1.1,0.000020437,0.000020337
2,1.11,0.00002052,0.000020409
2,1.12,0.000020582,0.000020484
2,1.13,0.000020658,0.000020565
2,1.14,0.000020716,0.000020608
2,1.15,0.000020791,0.000020741
2,1.16,0.000020844,0.000020766
2,1.17,0.000020912,0.000020825
2,1.18,0.000021001,0.000020912
2,1.19,0.000021071,0.000020953
2,1.2,0.000021138,0.000020985
2,1.21,0.000021208,0.000021055
2,1.22,0.00002127,0.000021138
2,1.23,0.000021339,0.000021203
2,1.24,0.000021395,0.000021276
2,1.25,0.00002149,0.000021354
2,1.26,0.000021539,0.00002142
2,1.27,0.000021621,0.000021465
2,1.28,0.000021688,0.000021555
2,1.29,0.000021739,0.000021616
2,1.3,0.00002181,0.000021685
2,1.31,0.00002187,0.000021745
2,1.32,0.000021949,0.000021822
2,1.33,0.000022011,0.000021888
2,1.34,0.000022074,0.000021955
2,1.35,0.000022151,0.00002199
2,1.36,0.000022215,0.00002207
2,1.37,0.000022278,0.000022152
2,1.38,0.00002234,0.000022208
2,1.39,0.000022415,0.00002226
2,1.4,0.000022455,0.000022349
2,1.41,0.000022537,0.000022399
2,1.42,0.000022604,0.000022463
2,1.43,0.000022661,0.000022517
2,1.44,0.000022727,0.000022587
2,1.45,0.000022811,0.000022655
2,1.46,0.00002287,0.000022724
2,1.47,0.000022949,0.000022746
2,1.48,0.000022995,0.000022821
2,1.49,0.00002307,0.000022899
2,1.5,0.000023128,0.000022983
2,1.51,0.000023204,0.00002304
2,1.52,0.000023262,0.000023115
2,1.53,0.000023327,0.000023178
2,1.54,0.000023372,0.000023228
2,1.55,0.000023456,0.000023297
2,1.56,0.000023511,0.000023355
2,1.57,0.000023577,0.000023435
2,1.58,0.000023643,0.000023495
2,1.59,0.000023708,0.000023549
2,1.6,0.000023763,0.000023615
2,1.61,0.000023829,0.000023686
2,1.62,0.000023889,0.000023755
2,1.63,0.000023954,0.000023799
2,1.64,0.000024022,0.000023872
2,1.65,0.000024088,0.000023927
2,1.66,0.000024142,0.000023999
2,1.67,0.000024209,0.00002406
2,1.68,0.000024268,0.000024107
2,1.69,0.000024347,0.000024181
2,1.7,0.000024388,0.000024266
2,1.71,0.000024438,0.000024296
2,1.72,0.000024488,0.000024375
2,1.73,0.000024564,0.000024425
2,1.74,0.000024656,0.000024486
2,1.75,0.000024696,0.000024575
2,1.76,0.000024725,0.000024614
2,1.77,0.000024778,0.000024678
2,1.78,0.000024849,0.000024733
2,1.79,0.000024922,0.000024803
2,1.8,0.00002502,0.000024851
2,1.81,0.000025087,0.000024934
2,1.82,0.000025156,0.000024993
2,1.83,0.000025225,0.000025068
2,1.84,0.000025282,0.00002514
2,1.85,0.00002534,0.000025181
2,1.86,0.000025401,0.000025257
2,1.87,0.000025455,0.00002532
2,1.88,0.000025519,0.000025369
2,1.89,0.000025598,0.000025426
2,1.9,0.000025638,0.000025507
2,1.91,0.000025707,0.00002557
2,1.92,0.000025759,0.000025614
2,1.93,0.00002583,0.000025668
2,1.94,0.000025906,0.000025732
2,1.95,0.000025959,0.000025789
2,1.96,0.000026014,0.000025855
2,1.97,0.000026078,0.000025934
2,1.98,0.000026141,0.000025977
2,1.99,0.000026217,0.000026044
2,2,0.000026246,0.00002609
2,2.01,0.000026287,0.000026165
2,2.02,0.000026374,0.000026233
2,2.03,0.000026441,0.000026286
2,2.04,0.000026498,0.000026355
2,2.05,0.00002658,0.000026421
2,2.06,0.00002664,0.000026475
2,2.07,0.000026705,0.000026532
2,2.08,0.000026748,0.000026606
2,2.09,0.000026828,0.000026668
2,2.1,0.000026877,0.000026724
2,2.11,0.000026928,0.00002679
2,2.12,0.000027004,0.00002685
2,2.13,0.000027064,0.000026912
2,2.14,0.00002714,0.000026989
2,2.15,0.000027215,0.000027032
2,2.16,0.000027265,0.000027083
2,2.17,0.000027327,0.000027167
2,2.18,0.000027385,0.000027227
2,2.19,0.000027436,0.000027281
2,2.2,0.000027476,0.000027355
2,2.21,0.000027554,0.00002739
2,2.22,0.000027612,0.000027462
2,2.23,0.000027665,0.000027541
2,2.24,0.000027712,0.000027599
2,2.25,0.000027801,0.000027656
2,2.26,0.000027868,0.000027726
2,2.27,0.000027959,0.000027772
2,2.28,0.000027998,0.000027839
2,2.29,0.000028054,0.000027889
2,2.3,0.000028124,0.000027964
2,2.31,0.000028214,0.000028019
2,2.32,0.000028267,0.000028086
2,2.33,0.000028324,0.000028143
2,2.34,0.000028366,0.000028207
2,2.35,0.000028457,0.000028271
2,2.36,0.000028518,0.000028327
2,2.37,0.000028569,0.000028384
2,2.38,0.000028633,0.00002847
2,2.39,0.000028699,0.000028513
2,2.4,0.000028761,0.000028587
2,2.41,0.000028832,0.00002866
2,2.42,0.000028886,0.00002871
2,2.43,0.000028942,0.000028769
2,2.44,0.000028995,0.000028847
2,2.45,0.000029063,0.000028881
2,2.46,0.000029142,0.000028956
2,2.47,0.000029199,0.000029028
2,2.48,0.000029273,0.000029073
2,2.49,0.00002932,0.000029149
2,2.5,0.000029389,0.000029203
2,2.51,0.000029436,0.000029276
2,2.52,0.000029508,0.000029333
2,2.53,0.000029569,0.000029411
2,2.54,0.000029631,0.000029471
2,2.55,0.000029686,0.00002953
2,2.56,0.000029772,0.00002961
2,2.57,0.000029814,0.000029642
2,2.58,0.000029899,0.000029685
2,2.59,0.000029935,0.000029761
2,2.6,0.000030019,0.000029836
2,2.61,0.000030093,0.000029893
2,2.62,0.000030168,0.000029962
2,2.63,0.000030207,0.000030027
2,2.64,0.000030276,0.000030073
2,2.65,0.000030326,0.000030164
2,2.66,0.000030411,0.000030239
2,2.67,0.000030475,0.000030288
2,2.68,0.000030535,0.000030357
2,2.69,0.000030585,0.00003041
2,2.7,0.000030669,0.000030468
2,2.71,0.000030717,0.000030541
2,2.72,0.000030794,0.000030595
2,2.73,0.000030836,0.000030692
2,2.74,0.000030907,0.000030753
2,2.75,0.000030962,0.000030805
2,2.76,0.000031063,0.00003087
2,2.77,0.00003111,0.000030939
2,2.78,0.000031165,0.000030992
2,2.79,0.000031227,0.000031052
2,2.8,0.000031285,0.000031122
2,2.81,0.000031389,0.000031189
2,2.82,0.000031425,0.000031234
2,2.83,0.000031504,0.000031323
2,2.84,0.000031553,0.00003138
2,2.85,0.000031634,0.000031443
2,2.86,0.000031687,0.000031522
2,2.87,0.000031767,0.000031574
2,2.88,0.000031808,0.000031645
2,2.89,0.000031882,0.000031687
2,2.9,0.00003194,0.000031773
2,2.91,0.000032036,0.000031843
2,2.92,0.00003209,0.00003191
2,2.93,0.000032154,0.000031965
2,2.94,0.000032207,0.000032033
2,2.95,0.000032257,0.000032088
2,2.96,0.000032339,0.000032178
2,2.97,0.000032407,0.000032232
2,2.98,0.000032469,0.000032306
2,2.99,0.000032557,0.000032348
2,3,0.000032593,0.000032426
2,3.01,0.000032674,0.000032477
2,3.02,0.000032714,0.000032574
2,3.03,0.000032805,0.00003262
2,3.04,0.000032863,0.000032705
2,3.05,0.000032924,0.000032757
2,3.06,0.000033008,0.000032828
2,3.07,0.000033069,0.000032875
2,3.08,0.000033114,0.000032957
2,3.09,0.000033198,0.000033013
2,3.1,0.000033243,0.000033104
2,3.11,0.000033327,0.00003314
2,3.12,0.000033381,0.000033217
2,3.13,0.000033448,0.000033259
2,3.14,0.000033504,0.00003333
2,3.15,0.000033575,0.000033382
2,3.16,0.000033609,0.000033476
2,3.17,0.000033711,0.000033542
2,3.18,0.000033766,0.000033602
2,3.19,0.000033817,0.000033652
2,3.2,0.000033867,0.000033717
2,3.21,0.00003397,0.000033792
2,3.22,0.000034032,0.000033879
2,3.23,0.000034098,0.000033937
2,3.24,0.000034166,0.00003401
2,3.25,0.000034256,0.000034066
2,3.26,0.000034297,0.000034134
2,3.27,0.000034379,0.000034212
2,3.28,0.000034433,0.000034293
2,3.29,0.000034507,0.000034332
2,3.3,0.000034559,0.000034397
2,3.31,0.000034642,0.000034489
2,3.32,0.000034714,0.000034522
2,3.33,0.000034783,0.000034635
2,3.34,0.000034837,0.000034679
2,3.35,0.000034914,0.000034774
2,3.36,0.000034969,0.000034812
2,3.37,0.000035056,0.000034902
2,3.38,0.000035111,0.000034945
2,3.39,0.000035196,0.000035045
2,3.4,0.000035249,0.000035094
2,3.41,0.000035319,0.000035185
2,3.42,0.00003537,0.000035217
2,3.43,0.000035467,0.000035322
2,3.44,0.000035521,0.000035367
2,3.45,0.000035615,0.000035448
2,3.46,0.000035669,0.00003548
2,3.47,0.000035747,0.000035602
2,3.48,0.000035803,0.000035629
2,3.49,0.000035889,0.000035738
2,3.5,0.000035926,0.000035788
2,3.51,0.000036032,0.000035857
2,3.52,0.000036078,0.000035918
2,3.53,0.000036161,0.000036022
2,3.54,0.00003621,0.00003608
2,3.55,0.000036309,0.000036166
2,3.56,0.000036349,0.000036222
2,3.57,0.000036441,0.000036298
2,3.58,0.000036495,0.000036345
2,3.59,0.000036594,0.000036451
2,3.6,0.000036665,0.000036503
2,3.61,0.000036745,0.000036576
2,3.62,0.0000368,0.000036634
2,3.63,0.00003687,0.000036717
2,3.64,0.000036937,0.0000368
2,3.65,0.000037009,0.000036865
2,3.66,0.000037059,0.000036919
2,3.67,0.000037154,0.000037001
2,3.68,0.000037215,0.000037042
2,3.69,0.000037299,0.000037124
2,3.7,0.000037382,0.000037223
2,3.71,0.000037432,0.000037262
2,3.72,0.000037521,0.000037348
2,3.73,0.000037572,0.000037406
2,3.74,0.000037676,0.000037495
2,3.75,0.000037708,0.000037555
2,3.76,0.000037787,0.000037661
2,3.77,0.000037857,0.000037708
2,3.78,0.00003795,0.0000378
2,3.79,0.000038011,0.000037827
2,3.8,0.000038099,0.000037944
2,3.81,0.000038169,0.000037996
2,3.82,0.000038239,0.000038087
2,3.83,0.000038305,0.000038143
2,3.84,0.000038378,0.000038245
2,3.85,0.000038477,0.00003829
2,3.86,0.000038533,0.000038377
2,3.87,0.00003861,0.000038442
2,3.88,0.000038686,0.000038517
2,3.89,0.000038735,0.000038569
2,3.9,0.000038831,0.00003866
2,3.91,0.000038898,0.000038765
2,3.92,0.000038969,0.000038825
2,3.93,0.000039026,0.000038897
2,3.94,0.000039105,0.00003899
2,3.95,0.000039196,0.000039062
2,3.96,0.000039265,0.00003912
2,3.97,0.000039351,0.000039214
2,3.98,0.000039441,0.000039264
2,3.99,0.00003947,0.000039338
2,4,0.000039582,0.000039428
2,4.01,0.000039636,0.0000395
2,4.02,0.000039724,0.000039587
2,4.03,0.000039793,0.000039623
2,4.04,0.00003988,0.000039731
2,4.05,0.000039945,0.000039808
2,4.06,0.000040053,0.00003989
2,4.07,0.000040138,0.00003997
2,4.08,0.000040197,0.000040052
2,4.09,0.000040292,0.000040123
2,4.1,0.000040325,0.000040177
2,4.11,0.000040434,0.00004027
2,4.12,0.000040494,0.000040338
2,4.13,0.000040575,0.000040439
2,4.14,0.000040648,0.000040487
2,4.15,0.000040742,0.000040613
2,4.16,0.000040818,0.000040651
2,4.17,0.000040885,0.000040734
2,4.18,0.000041,0.000040816
2,4.19,0.000041075,0.000040877
2,4.2,0.000041161,0.000040986
2,4.21,0.000041233,0.000041024
2,4.22,0.000041339,0.000041124
2,4.23,0.000041394,0.000041176
2,4.24,0.000041492,0.000041281
2,4.25,0.000041583,0.000041355
2,4.26,0.000041671,0.000041446
2,4.27,0.000041755,0.000041512
2,4.28,0.000041827,0.000041603
2,4.29,0.000041918,0.000041692
2,4.3,0.000041992,0.000041744
2,4.31,0.000042072,0.000041854
2,4.32,0.000042156,0.000041911
2,4.33,0.000042235,0.000042005
2,4.34,0.000042306,0.000042084
2,4.35,0.0000424,0.000042167
2,4.36,0.000042489,0.000042249
2,4.37,0.00004253,0.000042348
2,4.38,0.000042662,0.000042425
2,4.39,0.000042717,0.000042483
2,4.4,0.000042812,0.000042612
2,4.41,0.000042896,0.000042653
2,4.42,0.000043013,0.000042754
2,4.43,0.000043084,0.000042842
2,4.44,0.000043167,0.000042941
2,4.45,0.000043278,0.000043013
2,4.46,0.000043336,0.000043099
2,4.47,0.000043447,0.000043211
2,4.48,0.000043511,0.000043268
2,4.49,0.000043633,0.000043392
2,4.5,0.000043719,0.000043456
2,4.51,0.000043796,0.000043566
2,4.52,0.000043868,0.000043642
2,4.53,0.000043926,0.000043706
2,4.54,0.000044064,0.00004381
2,4.55,0.000044126,0.0000439
2,4.56,0.00004424,0.000044012
2,4.57,0.000044279,0.000044091
2,4.58,0.0000444,0.00004423
2,4.59,0.000044483,0.000044266
2,4.6,0.000044604,0.000044413
2,4.61,0.000044662,0.000044469
2,4.62,0.000044749,0.000044574
2,4.63,0.000044872,0.000044639
2,4.64,0.000044953,0.000044742
2,4.65,0.000045062,0.000044858
2,4.66,0.000045116,0.000044923
2,4.67,0.000045232,0.000045045
2,4.68,0.000045329,0.000045119
2,4.69,0.000045428,0.000045255
2,4.7,0.000045501,0.000045337
2,4.71,0.000045627,0.000045418
2,4.72,0.000045705,0.000045508
2,4.73,0.000045782,0.000045596
2,4.74,0.000045878,0.000045727
2,4.75,0.000045941,0.000045793
2,4.76,0.000046064,0.000045909
2,4.77,0.00004614,0.000045982
2,4.78,0.000046275,0.000046118
2,4.79,0.000046373,0.000046192
2,4.8,0.000046476,0.000046309
2,4.81,0.000046595,0.000046399
2,4.82,0.000046678,0.000046513
2,4.83,0.000046813,0.000046613
2,4.84,0.000046871,0.000046685
2,4.85,0.000047019,0.000046785
2,4.86,0.00004709,0.000046925
2,4.87,0.000047192,0.000047012
2,4.88,0.000047309,0.000047135
2,4.89,0.000047406,0.000047217
2,4.9,0.000047528,0.000047344
2,4.91,0.000047634,0.000047413
2,4.92,0.000047744,0.000047519
2,4.93,0.000047837,0.000047639
2,4.94,0.000047957,0.000047729
2,4.95,0.000048051,0.000047888
2,4.96,0.00004817,0.000047963
2,4.97,0.00004827,0.000048091
2,4.98,0.000048368,0.000048172
2,4.99,0.000048483,0.000048295
2,5,0.000048566,0.000048385
3,0,0.0000012432,0.0000012037
3,0.00999999999999979,0.000026305,0.000026336
3,0.0199999999999996,0.000049425,0.000049457
3,0.0300000000000002,0.000072356,0.000072478
3,0.04,0.000095043,0.000095174
3,0.0499999999999998,0.00011773,0.00011796
3,0.0599999999999996,0.00014173,0.00014193
3,0.0700000000000003,0.00016381,0.00016411
3,0.0800000000000001,0.00018555,0.00018586
3,0.0899999999999999,0.00020711,0.00020755
3,0.0999999999999996,0.00022851,0.00022901
3,0.11,0.00025135,0.00025182
3,0.12,0.0002722,0.00027279
3,0.13,0.00029287,0.00029348
3,0.14,0.00031327,0.00031396
3,0.15,0.00033359,0.00033437
3,0.16,0.00035503,0.00035579
3,0.17,0.00037468,0.00037544
3,0.18,0.00039397,0.00039487
3,0.19,0.00041315,0.00041406
3,0.2,0.000432,0.00043304
3,0.21,0.00045202,0.00045299
3,0.22,0.00047032,0.0004713
3,0.23,0.00048837,0.00048938
3,0.24,0.00050611,0.00050718
3,0.25,0.00052372,0.00052486
3,0.26,0.00054223,0.00054332
3,0.27,0.00055911,0.0005602
3,0.28,0.00057561,0.00057682
3,0.29,0.00059194,0.00059319
3,0.3,0.00060789,0.00060922
3,0.31,0.00062482,0.00062613
3,0.32,0.00064022,0.00064155
3,0.33,0.00065537,0.0006567
3,0.34,0.00067044,0.00067168
3,0.35,0.00068485,0.00068623
3,0.36,0.00070021,0.00070158
3,0.37,0.00071405,0.00071549
3,0.38,0.0007277,0.00072914
3,0.39,0.00074107,0.00074255
3,0.4,0.00075414,0.00075557
3,0.41,0.00076784,0.00076939
3,0.42,0.0007803,0.00078185
3,0.43,0.00079246,0.00079401
3,0.44,0.00080447,0.00080598
3,0.45,0.0008161,0.0008176
3,0.46,0.00082735,0.00082891
3,0.47,0.00083915,0.00084078
3,0.48,0.00084985,0.00085154
3,0.49,0.00086036,0.000862
3,0.5,0.00087054,0.00087216
3,0.51,0.00088046,0.00088207
3,0.52,0.0008908,0.00089247
3,0.53,0.00090014,0.00090192
3,0.54,0.00090929,0.0009111
3,0.55,0.00091819,0.00091984
3,0.56,0.0009267,0.00092852
3,0.57,0.00093567,0.00093748
3,0.58,0.0009438,0.00094557
3,0.59,0.00095164,0.00095338
3,0.6,0.00095925,0.000961
3,0.61,0.00096667,0.00096836
3,0.62,0.00097427,0.00097599
3,0.63,0.00098116,0.00098293
3,0.64,0.00098803,0.00098974
3,0.65,0.0009944,0.00099616
3,0.66,0.00100071,0.00100243
3,0.67,0.00100716,0.00100897
3,0.68,0.00101307,0.0010148
3,0.690000000000001,0.00101867,0.0010204
3,0.7,0.00102416,0.00102592
3,0.71,0.00102947,0.0010312
3,0.72,0.00103492,0.00103672
3,0.73,0.00103992,0.00104165
3,0.74,0.00104457,0.00104641
3,0.75,0.0010492,0.001051
3,0.76,0.00105372,0.0010554
3,0.77,0.00105816,0.00106
3,0.78,0.00106228,0.00106419
3,0.79,0.00106628,0.00106815
3,0.8,0.00107018,0.00107202
3,0.81,0.00107396,0.00107571
3,0.82,0.00107782,0.00107949
3,0.83,0.00108127,0.00108301
3,0.84,0.00108463,0.00108637
3,0.85,0.00108776,0.00108958
3,0.86,0.001091,0.00109276
3,0.87,0.0010942,0.00109592
3,0.88,0.00109718,0.00109893
3,0.89,0.00109992,0.00110173
3,0.9,0.00110267,0.0011045
3,0.91,0.00110531,0.0011071
3,0.92,0.00110806,0.00110986
3,0.93,0.00111061,0.00111237
3,0.94,0.00111291,0.00111489
3,0.95,0.00111532,0.00111707
3,0.96,0.0011176,0.0011193
3,0.97,0.00112,0.00112164
3,0.98,0.00112204,0.00112376
3,0.99,0.00112406,0.00112574
3,1,0.00112607,0.00112777
3,1.01,0.00112797,0.00112962
3,1.02,0.00113006,0.00113175
3,1.03,0.00113188,0.00113362
3,1.04,0.00113363,0.00113549
3,1.05,0.00113534,0.00113722
3,1.06,0.00113712,0.00113894
3,1.07,0.0011387,0.0011401
3,1.08,0.0011402,0.0011419
3,1.09,0.0011417,0.0011435
3,1.1,0.0011432,0.0011449
3,1.11,0.0011449,0.0011465
3,1.12,0.0011462,0.0011478
3,1.13,0.0011476,0.0011494
3,1.14,0.001149,0.0011508
3,1.15,0.0011504,0.0011523
3,1.16,0.0011516,0.0011536
3,1.17,0.001153,0.0011548
3,1.18,0.0011544,0.0011561
3,1.19,0.0011555,0.0011575
3,1.2,0.0011569,0.0011585
3,1.21,0.0011581,0.0011598
3,1.22,0.0011594,0.001161
3,1.23,0.0011604,0.0011623
3,1.24,0.0011616,0.0011633
3,1.25,0.0011628,0.0011645
3,1.26,0.0011639,0.0011657
3,1.27,0.001165,0.0011664
3,1.28,0.001166,0.0011679
3,1.29,0.0011669,0.0011687
3,1.3,0.0011683,0.0011699
3,1.31,0.0011691,0.0011707
3,1.32,0.0011703,0.0011717
3,1.33,0.0011712,0.0011728
3,1.34,0.0011724,0.0011736
3,1.35,0.0011732,0.0011747
3,1.36,0.0011742,0.0011758
3,1.37,0.0011752,0.0011767
3,1.38,0.0011761,0.0011776
3,1.39,0.0011768,0.0011786
3,1.4,0.0011777,0.0011794
3,1.41,0.0011786,0.0011805
3,1.42,0.0011796,0.0011812
3,1.43,0.0011803,0.0011819
3,1.44,0.0011813,0.0011829
3,1.45,0.0011821,0.0011838
3,1.46,0.0011828,0.0011848
3,1.47,0.0011836,0.0011853
3,1.48,0.0011844,0.0011861
3,1.49,0.0011854,0.0011871
3,1.5,0.001186,0.0011877
3,1.51,0.0011868,0.0011886
3,1.52,0.0011877,0.0011891
3,1.53,0.0011886,0.00119
3,1.54,0.0011893,0.0011908
3,1.55,0.00119,0.0011917
3,1.56,0.0011906,0.0011923
3,1.57,0.0011913,0.0011929
3,1.58,0.0011921,0.0011939
3,1.59,0.0011932,0.0011944
3,1.6,0.0011936,0.0011955
3,1.61,0.0011944,0.001196
3,1.62,0.0011951,0.0011968
3,1.63,0.0011956,0.0011974
3,1.64,0.0011963,0.0011981
3,1.65,0.0011973,0.0011988
3,1.66,0.0011979,0.0011993
3,1.67,0.0011984,0.0012003
3,1.68,0.0011992,0.001201
3,1.69,0.0011999,0.0012015
3,1.7,0.0012004,0.0012021
3,1.71,0.0012013,0.0012028
3,1.72,0.0012018,0.0012035
3,1.73,0.0012027,0.0012041
3,1.74,0.0012033,0.0012049
3,1.75,0.0012038,0.0012055
3,1.76,0.0012045,0.0012061
3,1.77,0.0012048,0.0012068
3,1.78,0.0012057,0.0012073
3,1.79,0.0012063,0.0012081
3,1.8,0.0012069,0.0012085
3,1.81,0.0012077,0.0012093
3,1.82,0.0012081,0.0012099
3,1.83,0.0012089,0.0012104
3,1.84,0.0012093,0.001211
3,1.85,0.0012099,0.0012117
3,1.86,0.0012105,0.0012122
3,1.87,0.001211,0.0012128
3,1.88,0.0012114,0.0012132
3,1.89,0.0012121,0.0012138
3,1.9,0.0012127,0.0012145
3,1.91,0.0012132,0.001215
3,1.92,0.0012138,0.0012154
3,1.93,0.0012145,0.0012159
3,1.94,0.0012153,0.0012168
3,1.95,0.0012155,0.0012172
3,1.96,0.0012161,0.0012178
3,1.97,0.0012167,0.0012184
3,1.98,0.0012173,0.0012187
3,1.99,0.0012177,0.0012194
3,2,0.0012184,0.0012201
3,2.01,0.001219,0.0012206
3,2.02,0.0012195,0.0012213
3,2.03,0.0012199,0.0012216
3,2.04,0.0012208,0.0012221
3,2.05,0.0012211,0.0012225
3,2.06,0.0012214,0.0012231
3,2.07,0.0012221,0.0012236
3,2.08,0.0012224,0.0012243
3,2.09,0.0012232,0.0012249
3,2.1,0.0012237,0.0012251
3,2.11,0.0012241,0.0012258
3,2.12,0.0012245,0.0012264
3,2.13,0.001225,0.0012269
3,2.14,0.0012255,0.0012272
3,2.15,0.001226,0.0012277
3,2.16,0.0012267,0.0012282
3,2.17,0.0012271,0.0012288
3,2.18,0.0012275,0.0012293
3,2.19,0.0012282,0.0012298
3,2.2,0.0012286,0.0012304
3,2.21,0.0012291,0.0012309
3,2.22,0.0012296,0.0012312
3,2.23,0.0012299,0.0012315
3,2.24,0.0012305,0.0012323
3,2.25,0.0012307,0.0012327
3,2.26,0.0012314,0.0012332
3,2.27,0.0012317,0.0012337
3,2.28,0.0012324,0.0012342
3,2.29,0.0012326,0.0012344
3,2.3,0.0012332,0.001235
3,2.31,0.0012337,0.0012355
3,2.32,0.0012342,0.0012359
3,2.33,0.0012349,0.0012364
3,2.34,0.0012351,0.0012368
3,2.35,0.0012358,0.0012374
3,2.36,0.0012362,0.001238
3,2.37,0.0012365,0.0012383
3,2.38,0.001237,0.0012387
3,2.39,0.0012374,0.0012392
3,2.4,0.0012379,0.0012397
3,2.41,0.0012383,0.00124
3,2.42,0.0012392,0.0012404
3,2.43,0.0012392,0.001241
3,2.44,0.0012397,0.0012415
3,2.45,0.0012403,0.0012418
3,2.46,0.0012406,0.0012425
3,2.47,0.001241,0.0012428
3,2.48,0.0012416,0.0012432
3,2.49,0.0012419,0.0012436
3,2.5,0.0012422,0.001244
3,2.51,0.0012429,0.0012447
3,2.52,0.0012434,0.001245
3,2.53,0.0012439,0.0012453
3,2.54,0.0012441,0.0012458
3,2.55,0.0012447,0.0012461
3,2.56,0.0012451,0.0012464
3,2.57,0.0012456,0.0012471
3,2.58,0.0012458,0.0012476
3,2.59,0.0012462,0.001248
3,2.6,0.0012466,0.0012485
3,2.61,0.0012471,0.0012488
3,2.62,0.0012475,0.0012493
3,2.63,0.0012482,0.0012497
3,2.64,0.0012483,0.00125
3,2.65,0.001249,0.0012505
3,2.66,0.0012493,0.0012511
3,2.67,0.0012495,0.0012511
3,2.68,0.00125,0.0012518
3,2.69,0.0012505,0.0012521
3,2.7,0.0012508,0.0012529
3,2.71,0.0012513,0.0012532
3,2.72,0.0012518,0.0012533
3,2.73,0.0012522,0.0012538
3,2.74,0.0012527,0.0012543
3,2.75,0.0012529,0.0012546
3,2.76,0.0012535,0.001255
3,2.77,0.0012537,0.0012556
3,2.78,0.001254,0.0012558
3,2.79,0.0012546,0.0012563
3,2.8,0.0012549,0.0012563
3,2.81,0.0012553,0.001257
3,2.82,0.0012559,0.0012572
3,2.83,0.0012562,0.0012579
3,2.84,0.0012565,0.0012583
3,2.85,0.0012571,0.0012585
3,2.86,0.0012574,0.001259
3,2.87,0.0012575,0.0012592
3,2.88,0.0012583,0.0012598
3,2.89,0.0012588,0.0012601
3,2.9,0.0012592,0.0012607
3,2.91,0.0012594,0.0012609
3,2.92,0.0012598,0.0012614
3,2.93,0.0012601,0.0012618
3,2.94,0.0012607,0.0012624
3,2.95,0.001261,0.0012626
3,2.96,0.0012613,0.0012631
3,2.97,0.0012619,0.0012635
3,2.98,0.0012623,0.001264
3,2.99,0.0012625,0.0012643
3,3,0.0012629,0.0012645
3,3.01,0.0012633,0.0012648
3,3.02,0.0012636,0.0012652
3,3.03,0.0012641,0.0012659
3,3.04,0.0012645,0.0012661
3,3.05,0.0012648,0.0012665
3,3.06,0.0012655,0.0012669
3,3.07,0.001266,0.0012672
3,3.08,0.0012661,0.0012677
3,3.09,0.0012666,0.001268
3,3.1,0.0012669,0.0012684
3,3.11,0.0012671,0.0012688
3,3.12,0.0012678,0.0012691
3,3.13,0.0012678,0.0012695
3,3.14,0.0012684,0.0012699
3,3.15,0.0012687,0.0012703
3,3.16,0.0012691,0.0012706
3,3.17,0.0012696,0.0012711
3,3.18,0.0012699,0.0012715
3,3.19,0.0012702,0.001272
3,3.2,0.0012705,0.0012722
3,3.21,0.001271,0.0012728
3,3.22,0.0012713,0.0012731
3,3.23,0.0012717,0.0012735
3,3.24,0.0012721,0.0012738
3,3.25,0.0012724,0.0012742
3,3.26,0.001273,0.0012746
3,3.27,0.0012733,0.001275
3,3.28,0.0012737,0.0012755
3,3.29,0.0012741,0.0012756
3,3.3,0.0012745,0.0012762
3,3.31,0.0012748,0.0012765
3,3.32,0.0012751,0.0012769
3,3.33,0.0012755,0.0012774
3,3.34,0.0012759,0.0012775
3,3.35,0.0012763,0.0012781
3,3.36,0.0012767,0.0012783
3,3.37,0.001277,0.0012786
3,3.38,0.0012774,0.0012792
3,3.39,0.0012778,0.0012795
3,3.4,0.001278,0.0012797
3,3.41,0.0012786,0.0012802
3,3.42,0.0012788,0.0012808
3,3.43,0.0012792,0.001281
3,3.44,0.0012797,0.0012814
3,3.45,0.0012801,0.0012818
3,3.46,0.0012804,0.0012822
3,3.47,0.0012808,0.0012827
3,3.48,0.001281,0.0012828
3,3.49,0.0012814,0.0012833
3,3.5,0.0012817,0.0012836
3,3.51,0.0012822,0.001284
3,3.52,0.0012828,0.0012841
3,3.53,0.001283,0.0012846
3,3.54,0.0012833,0.0012852
3,3.55,0.0012838,0.0012852
3,3.56,0.0012843,0.0012858
3,3.57,0.0012845,0.0012862
3,3.58,0.001285,0.0012865
3,3.59,0.0012852,0.0012869
3,3.6,0.0012854,0.001287
3,3.61,0.001286,0.0012876
3,3.62,0.0012862,0.001288
3,3.63,0.0012867,0.0012883
3,3.64,0.001287,0.0012888
3,3.65,0.0012874,0.0012891
3,3.66,0.0012881,0.0012894
3,3.67,0.0012881,0.0012899
3,3.68,0.0012885,0.0012902
3,3.69,0.001289,0.0012906
3,3.7,0.0012894,0.0012907
3,3.71,0.0012897,0.0012912
3,3.72,0.00129,0.0012917
3,3.73,0.0012904,0.001292
3,3.74,0.0012908,0.0012924
3,3.75,0.0012912,0.0012928
3,3.76,0.0012918,0.0012932
3,3.77,0.0012921,0.0012937
3,3.78,0.0012924,0.001294
3,3.79,0.0012929,0.0012944
3,3.8,0.0012931,0.0012948
3,3.81,0.0012935,0.001295
3,3.82,0.0012937,0.0012956
3,3.83,0.0012942,0.0012958
3,3.84,0.0012947,0.0012963
3,3.85,0.0012951,0.0012966
3,3.86,0.0012955,0.0012967
3,3.87,0.0012958,0.0012975
3,3.88,0.0012964,0.0012978
3,3.89,0.0012966,0.001298
3,3.9,0.001297,0.0012987
3,3.91,0.0012973,0.0012989
3,3.92,0.0012978,0.0012991
3,3.93,0.0012981,0.0012995
3,3.94,0.0012985,0.0013
3,3.95,0.0012988,0.0013003
3,3.96,0.0012989,0.0013007
3,3.97,0.0012997,0.0013011
3,3.98,0.0013002,0.0013014
3,3.99,0.0013003,0.0013019
3,4,0.0013008,0.0013024
3,4.01,0.0013012,0.0013025
3,4.02,0.0013014,0.001303
3,4.03,0.0013021,0.0013033
3,4.04,0.0013024,0.0013038
3,4.05,0.0013025,0.0013043
3,4.06,0.0013029,0.0013048
3,4.07,0.0013034,0.0013049
3,4.08,0.0013039,0.0013053
3,4.09,0.0013039,0.0013057
3,4.1,0.0013048,0.0013061
3,4.11,0.001305,0.0013064
3,4.12,0.0013053,0.0013069
3,4.13,0.0013058,0.0013075
3,4.14,0.0013062,0.0013077
3,4.15,0.0013067,0.001308
3,4.16,0.0013066,0.0013087
3,4.17,0.0013071,0.0013089
3,4.18,0.0013073,0.0013095
3,4.19,0.0013081,0.0013098
3,4.2,0.0013084,0.0013101
3,4.21,0.0013087,0.0013107
3,4.22,0.0013092,0.0013109
3,4.23,0.0013094,0.0013114
3,4.24,0.00131,0.0013118
3,4.25,0.0013105,0.0013124
3,4.26,0.0013107,0.0013127
3,4.27,0.0013115,0.0013129
3,4.28,0.0013116,0.0013134
3,4.29,0.0013122,0.001314
3,4.3,0.0013127,0.0013144
3,4.31,0.0013128,0.0013149
3,4.32,0.0013133,0.0013153
3,4.33,0.0013138,0.0013159
3,4.34,0.0013142,0.0013161
3,4.35,0.0013148,0.0013165
3,4.36,0.0013151,0.0013169
3,4.37,0.0013157,0.0013175
3,4.38,0.001316,0.0013179
3,4.39,0.0013163,0.0013184
3,4.4,0.0013169,0.0013186
3,4.41,0.0013174,0.001319
3,4.42,0.0013178,0.0013196
3,4.43,0.0013184,0.0013199
3,4.44,0.0013188,0.0013204
3,4.45,0.001319,0.0013211
3,4.46,0.0013197,0.0013214
3,4.47,0.00132,0.0013219
3,4.48,0.0013206,0.0013223
3,4.49,0.0013211,0.0013229
3,4.5,0.0013216,0.0013233
3,4.51,0.0013219,0.0013237
3,4.52,0.0013225,0.0013241
3,4.53,0.0013228,0.0013247
3,4.54,0.0013233,0.0013251
3,4.55,0.0013239,0.0013255
3,4.56,0.0013242,0.0013261
3,4.57,0.001325,0.0013265
3,4.58,0.0013254,0.0013271
3,4.59,0.0013256,0.0013275
3,4.6,0.0013262,0.001328
3,4.61,0.0013267,0.0013285
3,4.62,0.0013272,0.001329
3,4.63,0.0013279,0.0013294
3,4.64,0.0013282,0.0013301
3,4.65,0.0013288,0.0013304
3,4.66,0.0013294,0.0013309
3,4.67,0.00133,0.0013314
3,4.68,0.0013301,0.001332
3,4.69,0.0013309,0.0013327
3,4.7,0.0013317,0.001333
3,4.71,0.0013321,0.0013336
3,4.72,0.0013327,0.0013343
3,4.73,0.001333,0.0013346
3,4.74,0.0013336,0.0013353
3,4.75,0.0013342,0.001336
3,4.76,0.0013348,0.0013364
3,4.77,0.001335,0.0013371
3,4.78,0.0013359,0.0013373
3,4.79,0.0013363,0.0013381
3,4.8,0.001337,0.0013388
3,4.81,0.0013377,0.0013394
3,4.82,0.0013381,0.0013399
3,4.83,0.0013388,0.0013404
3,4.84,0.0013394,0.001341
3,4.85,0.0013398,0.0013416
3,4.86,0.0013407,0.0013424
3,4.87,0.001341,0.001343
3,4.88,0.0013417,0.0013437
3,4.89,0.0013426,0.0013441
3,4.9,0.0013431,0.0013448
3,4.91,0.0013439,0.0013452
3,4.92,0.0013444,0.0013462
3,4.93,0.0013449,0.0013467
3,4.94,0.0013458,0.0013473
3,4.95,0.0013462,0.0013481
3,4.96,0.0013469,0.0013487
3,4.97,0.0013477,0.0013495
3,4.98,0.0013481,0.0013499
3,4.99,0.0013485,0.0013507
3,5,0.0013496,0.0013514
4,0,0.0000019433,0.0000019289
4,0.00999999999999979,0.000041541,0.000041646
4,0.0199999999999996,0.000078148,0.000078263
4,0.0300000000000002,0.00011471,0.00011492
4,0.04,0.00015105,0.00015135
4,0.0499999999999998,0.00018759,0.00018807
4,0.0599999999999996,0.00022648,0.00022688
4,0.0700000000000003,0.00026234,0.00026302
4,0.0800000000000001,0.00029814,0.00029877
4,0.0899999999999999,0.00033373,0.00033445
4,0.0999999999999996,0.00036909,0.00036995
4,0.11,0.00040701,0.00040794
4,0.12,0.00044214,0.00044313
4,0.13,0.00047698,0.00047809
4,0.14,0.0005116,0.00051282
4,0.15,0.0005464,0.0005477
4,0.16,0.00058321,0.00058457
4,0.17,0.00061725,0.00061866
4,0.18,0.00065107,0.00065259
4,0.19,0.00068471,0.00068627
4,0.2,0.00071814,0.0007198
4,0.21,0.00075381,0.00075557
4,0.22,0.00078671,0.00078853
4,0.23,0.00081938,0.00082134
4,0.24,0.00085195,0.0008539
4,0.25,0.0008844,0.00088643
4,0.26,0.00091867,0.00092084
4,0.27,0.00095036,0.00095256
4,0.28,0.00098171,0.00098388
4,0.29,0.00101292,0.0010152
4,0.3,0.00104379,0.00104615
4,0.31,0.0010767,0.00107919
4,0.32,0.00110704,0.00110957
4,0.33,0.00113714,0.00113962
4,0.34,0.0011669,0.0011693
4,0.35,0.0011962,0.0011989
4,0.36,0.0012275,0.0012302
4,0.37,0.0012566,0.0012594
4,0.38,0.0012851,0.0012882
4,0.39,0.0013135,0.0013163
4,0.4,0.0013417,0.0013446
4,0.41,0.0013714,0.0013742
4,0.42,0.0013987,0.0014019
4,0.43,0.0014259,0.001429
4,0.44,0.0014528,0.0014562
4,0.45,0.0014795,0.0014828
4,0.46,0.0015059,0.001509
4,0.47,0.0015334,0.001537
4,0.48,0.0015591,0.0015625
4,0.49,0.0015845,0.0015878
4,0.5,0.0016094,0.0016129
4,0.51,0.001634,0.0016375
4,0.52,0.0016604,0.0016639
4,0.53,0.0016845,0.0016879
4,0.54,0.0017085,0.0017119
4,0.55,0.0017317,0.0017352
4,0.56,0.0017548,0.0017586
4,0.57,0.0017794,0.001783
4,0.58,0.0018017,0.0018054
4,0.59,0.001824,0.0018278
4,0.6,0.001846,0.0018496
4,0.61,0.0018675,0.0018714
4,0.62,0.0018905,0.0018941
4,0.63,0.0019113,0.0019152
4,0.64,0.0019324,0.0019362
4,0.65,0.0019526,0.0019564
4,0.66,0.0019724,0.0019766
4,0.67,0.0019939,0.0019978
4,0.68,0.0020132,0.0020174
4,0.690000000000001,0.0020325,0.0020365
4,0.7,0.0020513,0.0020554
4,0.71,0.0020698,0.0020739
4,0.72,0.0020895,0.0020936
4,0.73,0.0021077,0.0021116
4,0.74,0.0021252,0.002129
4,0.75,0.0021427,0.0021467
4,0.76,0.0021597,0.0021636
4,0.77,0.0021778,0.0021817
4,0.78,0.0021944,0.0021982
4,0.79,0.0022105,0.0022144
4,0.8,0.0022264,0.0022307
4,0.81,0.0022418,0.0022461
4,0.82,0.0022586,0.0022628
4,0.83,0.0022741,0.0022781
4,0.84,0.0022889,0.0022928
4,0.85,0.0023034,0.0023074
4,0.86,0.0023177,0.0023219
4,0.87,0.0023326,0.0023369
4,0.88,0.0023466,0.0023506
4,0.89,0.00236,0.0023641
4,0.9,0.0023733,0.0023775
4,0.91,0.0023864,0.0023907
4,0.92,0.0024001,0.0024043
4,0.93,0.0024128,0.002417
4,0.94,0.0024251,0.0024291
4,0.95,0.0024367,0.0024412
4,0.96,0.0024488,0.0024528
4,0.97,0.0024612,0.0024655
4,0.98,0.0024725,0.0024768
4,0.99,0.0024833,0.0024878
4,1,0.0024945,0.0024988
4,1.01,0.0025049,0.0025094
4,1.02,0.0025164,0.0025207
4,1.03,0.0025267,0.0025306
4,1.04,0.0025365,0.0025406
4,1.05,0.0025463,0.0025504
4,1.06,0.0025559,0.0025598
4,1.07,0.0025652,0.0025693
4,1.08,0.0025751,0.0025794
4,1.09,0.002584,0.0025882
4,1.1,0.0025928,0.002597
4,1.11,0.0026012,0.0026055
4,1.12,0.0026099,0.0026138
4,1.13,0.0026186,0.0026225
4,1.14,0.0026267,0.0026306
4,1.15,0.0026344,0.0026384
4,1.16,0.0026422,0.0026461
4,1.17,0.0026495,0.0026536
4,1.18,0.0026574,0.0026613
4,1.19,0.0026644,0.0026685
4,1.2,0.0026713,0.0026752
4,1.21,0.0026782,0.0026821
4,1.22,0.0026847,0.0026888
4,1.23,0.0026917,0.0026957
4,1.24,0.002698,0.0027021
4,1.25,0.0027042,0.0027084
4,1.26,0.0027103,0.0027143
4,1.27,0.002716,0.0027202
4,1.28,0.0027222,0.0027264
4,1.29,0.0027279,0.0027318
4,1.3,0.0027333,0.0027375
4,1.31,0.0027389,0.0027427
4,1.32,0.0027439,0.0027481
4,1.33,0.0027495,0.0027535
4,1.34,0.0027544,0.0027583
4,1.35,0.0027593,0.0027633
4,1.36,0.0027639,0.0027681
4,1.37,0.0027686,0.0027728
4,1.38,0.0027736,0.0027774
4,1.39,0.0027779,0.002782
4,1.4,0.0027822,0.0027862
4,1.41,0.0027864,0.0027905
4,1.42,0.0027904,0.0027946
4,1.43,0.0027948,0.0027985
4,1.44,0.0027988,0.0028027
4,1.45,0.0028024,0.0028064
4,1.46,0.002806,0.0028104
4,1.47,0.0028095,0.0028135
4,1.48,0.0028137,0.0028175
4,1.49,0.0028168,0.0028211
4,1.5,0.0028203,0.0028241
4,1.51,0.0028238,0.0028275
4,1.52,0.0028268,0.0028307
4,1.53,0.0028304,0.002834
4,1.54,0.0028332,0.0028372
4,1.55,0.0028363,0.0028402
4,1.56,0.002839,0.0028429
4,1.57,0.0028418,0.0028459
4,1.58,0.002845,0.002849
4,1.59,0.0028478,0.0028517
4,1.6,0.0028502,0.0028542
4,1.61,0.0028528,0.0028568
4,1.62,0.0028553,0.0028595
4,1.63,0.002858,0.0028618
4,1.64,0.0028604,0.0028645
4,1.65,0.002863,0.0028669
4,1.66,0.0028654,0.0028692
4,1.67,0.0028674,0.0028716
4,1.68,0.0028698,0.0028737
4,1.69,0.0028723,0.002876
4,1.7,0.0028741,0.0028782
4,1.71,0.0028763,0.0028802
4,1.72,0.0028784,0.0028824
4,1.73,0.0028803,0.0028842
4,1.74,0.0028826,0.0028863
4,1.75,0.0028845,0.0028882
4,1.76,0.0028865,0.0028902
4,1.77,0.0028882,0.0028919
4,1.78,0.0028898,0.0028939
4,1.79,0.0028919,0.0028957
4,1.8,0.0028936,0.0028975
4,1.81,0.0028954,0.0028991
4,1.82,0.0028968,0.0029009
4,1.83,0.0028986,0.0029024
4,1.84,0.0029005,0.0029043
4,1.85,0.0029016,0.0029057
4,1.86,0.0029035,0.0029075
4,1.87,0.0029051,0.0029089
4,1.88,0.0029065,0.0029104
4,1.89,0.0029081,0.0029118
4,1.9,0.0029096,0.0029134
4,1.91,0.0029109,0.0029148
4,1.92,0.0029123,0.0029163
4,1.93,0.0029138,0.0029175
4,1.94,0.0029153,0.002919
4,1.95,0.0029165,0.0029205
4,1.96,0.0029178,0.0029219
4,1.97,0.0029194,0.0029231
4,1.98,0.0029205,0.0029243
4,1.99,0.0029217,0.0029257
4,2,0.0029229,0.0029268
4,2.01,0.0029242,0.002928
4,2.02,0.0029255,0.0029295
4,2.03,0.0029267,0.0029305
4,2.04,0.0029278,0.0029317
4,2.05,0.0029291,0.0029327
4,2.06,0.0029302,0.0029338
4,2.07,0.002931,0.0029352
4,2.08,0.0029324,0.0029363
4,2.09,0.0029337,0.0029372
4,2.1,0.0029345,0.0029383
4,2.11,0.0029356,0.0029393
4,2.12,0.0029365,0.0029406
4,2.13,0.0029377,0.0029416
4,2.14,0.0029388,0.0029425
4,2.15,0.0029399,0.0029434
4,2.16,0.0029408,0.0029445
4,2.17,0.0029415,0.0029454
4,2.18,0.0029428,0.0029464
4,2.19,0.0029437,0.0029475
4,2.2,0.0029446,0.0029484
4,2.21,0.0029457,0.0029493
4,2.22,0.0029466,0.0029504
4,2.23,0.0029475,0.0029512
4,2.24,0.0029484,0.002952
4,2.25,0.0029493,0.0029531
4,2.26,0.0029503,0.0029541
4,2.27,0.0029511,0.0029547
4,2.28,0.0029519,0.0029559
4,2.29,0.0029528,0.0029565
4,2.3,0.0029536,0.0029574
4,2.31,0.0029546,0.0029582
4,2.32,0.0029552,0.0029588
4,2.33,0.0029562,0.0029601
4,2.34,0.0029567,0.0029608
4,2.35,0.0029577,0.0029616
4,2.36,0.0029582,0.0029624
4,2.37,0.0029592,0.0029632
4,2.38,0.0029601,0.0029639
4,2.39,0.0029607,0.0029648
4,2.4,0.0029618,0.0029657
4,2.41,0.0029625,0.0029662
4,2.42,0.0029631,0.0029671
4,2.43,0.002964,0.0029679
4,2.44,0.0029645,0.0029686
4,2.45,0.0029651,0.0029693
4,2.46,0.002966,0.0029702
4,2.47,0.002967,0.0029707
4,2.48,0.0029676,0.0029714
4,2.49,0.0029683,0.0029723
4,2.5,0.002969,0.002973
4,2.51,0.0029699,0.0029738
4,2.52,0.0029703,0.0029745
4,2.53,0.0029713,0.0029751
4,2.54,0.0029719,0.0029758
4,2.55,0.0029725,0.0029763
4,2.56,0.0029734,0.0029772
4,2.57,0.0029737,0.0029778
4,2.58,0.0029745,0.0029782
4,2.59,0.0029751,0.0029791
4,2.6,0.0029761,0.0029798
4,2.61,0.0029763,0.0029805
4,2.62,0.0029773,0.002981
4,2.63,0.0029775,0.0029819
4,2.64,0.0029783,0.0029825
4,2.65,0.0029788,0.0029832
4,2.66,0.0029795,0.0029835
4,2.67,0.0029801,0.0029843
4,2.68,0.0029809,0.0029849
4,2.69,0.0029815,0.0029855
4,2.7,0.0029822,0.002986
4,2.71,0.0029826,0.0029864
4,2.72,0.0029834,0.0029873
4,2.73,0.002984,0.0029881
4,2.74,0.0029845,0.0029883
4,2.75,0.0029851,0.002989
4,2.76,0.0029857,0.0029894
4,2.77,0.0029864,0.0029902
4,2.78,0.0029867,0.0029909
4,2.79,0.0029874,0.0029912
4,2.8,0.0029878,0.0029918
4,2.81,0.0029887,0.0029927
4,2.82,0.002989,0.002993
4,2.83,0.0029897,0.0029936
4,2.84,0.0029903,0.0029942
4,2.85,0.0029906,0.0029948
4,2.86,0.0029913,0.0029954
4,2.87,0.0029919,0.0029959
4,2.88,0.0029924,0.0029964
4,2.89,0.0029933,0.0029969
4,2.9,0.0029937,0.0029975
4,2.91,0.0029941,0.002998
4,2.92,0.0029947,0.0029984
4,2.93,0.0029953,0.002999
4,2.94,0.0029957,0.0029995
4,2.95,0.0029962,0.0029997
4,2.96,0.0029968,0.0030007
4,2.97,0.0029972,0.0030011
4,2.98,0.0029977,0.0030016
4,2.99,0.0029983,0.0030021
4,3,0.0029988,0.0030027
4,3.01,0.0029994,0.0030032
4,3.02,0.0029999,0.0030038
4,3.03,0.0030005,0.0030043
4,3.04,0.003001,0.0030047
4,3.05,0.0030013,0.0030053
4,3.06,0.003002,0.0030055
4,3.07,0.0030024,0.0030062
4,3.08,0.003003,0.0030067
4,3.09,0.0030032,0.0030071
4,3.1,0.0030039,0.0030075
4,3.11,0.0030043,0.0030081
4,3.12,0.0030048,0.0030085
4,3.13,0.003005,0.0030091
4,3.14,0.0030056,0.0030095
4,3.15,0.0030061,0.0030099
4,3.16,0.0030067,0.0030108
4,3.17,0.0030075,0.0030112
4,3.18,0.0030075,0.0030113
4,3.19,0.0030084,0.0030118
4,3.2,0.003009,0.0030123
4,3.21,0.0030091,0.0030128
4,3.22,0.0030096,0.0030136
4,3.23,0.0030099,0.0030137
4,3.24,0.0030104,0.0030142
4,3.25,0.003011,0.0030145
4,3.26,0.0030115,0.0030152
4,3.27,0.0030119,0.0030156
4,3.28,0.0030122,0.0030159
4,3.29,0.0030127,0.0030164
4,3.3,0.0030129,0.003017
4,3.31,0.0030136,0.0030175
4,3.32,0.0030141,0.0030178
4,3.33,0.0030146,0.0030184
4,3.34,0.0030151,0.0030187
4,3.35,0.0030154,0.0030193
4,3.36,0.003016,0.0030196
4,3.37,0.0030163,0.00302
4,3.38,0.0030169,0.0030204
4,3.39,0.0030171,0.0030209
4,3.4,0.0030175,0.0030212
4,3.41,0.0030172,0.0030218
4,3.42,0.0030178,0.0030222
4,3.43,0.0030182,0.0030226
4,3.44,0.0030187,0.0030231
4,3.45,0.003019,0.0030234
4,3.46,0.0030195,0.0030238
4,3.47,0.0030199,0.0030242
4,3.48,0.0030206,0.0030247
4,3.49,0.003021,0.0030249
4,3.5,0.0030216,0.0030253
4,3.51,0.003022,0.0030258
4,3.52,0.0030223,0.0030265
4,3.53,0.0030225,0.0030269
4,3.54,0.0030231,0.0030271
4,3.55,0.0030234,0.0030276
4,3.56,0.003024,0.0030282
4,3.57,0.0030242,0.0030285
4,3.58,0.0030247,0.0030291
4,3.59,0.0030252,0.0030294
4,3.6,0.0030254,0.0030299
4,3.61,0.003026,0.0030301
4,3.62,0.0030266,0.0030306
4,3.63,0.0030267,0.0030309
4,3.64,0.0030272,0.0030316
4,3.65,0.0030275,0.0030318
4,3.66,0.0030281,0.0030322
4,3.67,0.0030283,0.0030326
4,3.68,0.0030289,0.003033
4,3.69,0.0030294,0.0030336
4,3.7,0.0030294,0.0030336
4,3.71,0.00303,0.0030342
4,3.72,0.0030305,0.0030347
4,3.73,0.0030309,0.0030351
4,3.74,0.0030314,0.0030357
4,3.75,0.0030318,0.0030357
4,3.76,0.0030324,0.0030362
4,3.77,0.0030324,0.0030366
4,3.78,0.0030332,0.0030372
4,3.79,0.0030333,0.0030376
4,3.8,0.0030338,0.0030378
4,3.81,0.0030342,0.0030381
4,3.82,0.0030347,0.0030387
4,3.83,0.0030348,0.0030387
4,3.84,0.0030351,0.0030391
4,3.85,0.0030356,0.0030396
4,3.86,0.0030361,0.0030399
4,3.87,0.0030369,0.0030405
4,3.88,0.0030369,0.0030406
4,3.89,0.0030375,0.0030413
4,3.9,0.0030378,0.0030414
4,3.91,0.0030381,0.003042
4,3.92,0.0030386,0.0030424
4,3.93,0.003039,0.0030428
4,3.94,0.0030394,0.0030432
4,3.95,0.0030399,0.0030437
4,3.96,0.00304,0.0030442
4,3.97,0.0030405,0.0030443
4,3.98,0.0030411,0.0030445
4,3.99,0.0030414,0.0030452
4,4,0.003042,0.0030456
4,4.01,0.0030421,0.0030462
4,4.02,0.0030427,0.0030463
4,4.03,0.0030431,0.0030467
4,4.04,0.0030434,0.0030474
4,4.05,0.0030437,0.0030474
4,4.06,0.0030442,0.0030479
4,4.07,0.0030444,0.0030485
4,4.08,0.0030449,0.0030487
4,4.09,0.0030455,0.0030494
4,4.1,0.0030455,0.0030497
4,4.11,0.0030462,0.0030498
4,4.12,0.0030463,0.0030503
4,4.13,0.003047,0.0030508
4,4.14,0.0030473,0.003051
4,4.15,0.0030475,0.0030516
4,4.16,0.003048,0.0030519
4,4.17,0.0030483,0.0030523
4,4.18,0.0030489,0.0030527
4,4.19,0.0030493,0.0030531
4,4.2,0.0030494,0.0030537
4,4.21,0.0030499,0.0030536
4,4.22,0.0030504,0.0030544
4,4.23,0.0030505,0.003055
4,4.24,0.0030513,0.003055
4,4.25,0.0030515,0.0030557
4,4.26,0.0030518,0.0030559
4,4.27,0.0030522,0.0030563
4,4.28,0.0030525,0.0030566
4,4.29,0.0030533,0.003057
4,4.3,0.0030536,0.0030576
4,4.31,0.0030539,0.003058
4,4.32,0.0030543,0.0030581
4,4.33,0.0030545,0.0030588
4,4.34,0.0030549,0.0030591
4,4.35,0.0030554,0.0030595
4,4.36,0.0030556,0.00306
4,4.37,0.0030563,0.0030603
4,4.38,0.0030568,0.0030606
4,4.39,0.0030568,0.0030609
4,4.4,0.0030574,0.0030615
4,4.41,0.0030578,0.0030616
4,4.42,0.0030581,0.0030621
4,4.43,0.0030587,0.0030627
4,4.44,0.0030593,0.003063
4,4.45,0.0030593,0.0030633
4,4.46,0.00306,0.0030641
4,4.47,0.00306,0.0030641
4,4.48,0.0030605,0.0030646
4,4.49,0.0030611,0.0030649
4,4.5,0.0030615,0.0030655
4,4.51,0.003062,0.0030659
4,4.52,0.0030624,0.0030665
4,4.53,0.0030631,0.0030667
4,4.54,0.0030634,0.0030671
4,4.55,0.0030638,0.0030677
4,4.56,0.0030641,0.0030679
4,4.57,0.0030646,0.0030686
4,4.58,0.003065,0.0030689
4,4.59,0.0030656,0.0030692
4,4.6,0.0030659,0.0030699
4,4.61,0.0030661,0.0030702
4,4.62,0.0030669,0.0030708
4,4.63,0.0030671,0.0030711
4,4.64,0.0030678,0.0030716
4,4.65,0.0030679,0.0030722
4,4.66,0.0030686,0.0030722
4,4.67,0.003069,0.003073
4,4.68,0.0030695,0.0030736
4,4.69,0.0030699,0.0030739
4,4.7,0.0030707,0.0030743
4,4.71,0.003071,0.0030748
4,4.72,0.0030714,0.0030752
4,4.73,0.0030719,0.0030759
4,4.74,0.0030724,0.003076
4,4.75,0.0030731,0.0030766
4,4.76,0.0030733,0.0030772
4,4.77,0.0030737,0.0030775
4,4.78,0.0030744,0.003078
4,4.79,0.0030747,0.0030787
4,4.8,0.0030752,0.0030791
4,4.81,0.0030756,0.0030796
4,4.82,0.0030761,0.0030803
4,4.83,0.0030766,0.0030804
4,4.84,0.0030771,0.0030813
4,4.85,0.0030777,0.0030816
4,4.86,0.0030778,0.0030823
4,4.87,0.0030788,0.0030826
4,4.88,0.0030794,0.0030831
4,4.89,0.0030801,0.0030839
4,4.9,0.0030804,0.0030844
4,4.91,0.0030807,0.0030845
4,4.92,0.0030815,0.0030853
4,4.93,0.003082,0.0030855
4,4.94,0.0030827,0.0030864
4,4.95,0.0030832,0.0030872
4,4.96,0.0030836,0.0030875
4,4.97,0.0030843,0.0030879
4,4.98,0.0030846,0.0030889
4,4.99,0.0030851,0.0030892
4,5,0.0030861,0.0030898
5,0,0.0000024326,0.00000232
5,0.00999999999999979,0.000051628,0.000051552
5,0.0199999999999996,0.000097264,0.000097174
5,0.0300000000000002,0.00014279,0.00014287
5,0.04,0.00018824,0.00018836
5,0.0499999999999998,0.00023413,0.00023422
5,0.0599999999999996,0.00028274,0.00028289
5,0.0700000000000003,0.00032799,0.00032806
5,0.0800000000000001,0.00037293,0.00037306
5,0.0899999999999999,0.00041774,0.000418
5,0.0999999999999996,0.0004626,0.00046291
5,0.11,0.00051055,0.0005109
5,0.12,0.00055504,0.00055543
5,0.13,0.00059927,0.00059981
5,0.14,0.00064332,0.0006441
5,0.15,0.00068782,0.00068851
5,0.16,0.00073495,0.00073571
5,0.17,0.00077858,0.00077942
5,0.18,0.00082198,0.00082297
5,0.19,0.00086526,0.00086626
5,0.2,0.00090848,0.0009095
5,0.21,0.00095453,0.00095569
5,0.22,0.00099725,0.00099855
5,0.23,0.00103984,0.00104118
5,0.24,0.00108215,0.00108356
5,0.25,0.00112451,0.00112607
5,0.26,0.0011691,0.001171
5,0.27,0.0012107,0.0012125
5,0.28,0.0012522,0.001254
5,0.29,0.0012931,0.0012953
5,0.3,0.0013343,0.0013363
5,0.31,0.001378,0.0013802
5,0.32,0.0014184,0.0014207
5,0.33,0.0014585,0.0014609
5,0.34,0.0014988,0.0015013
5,0.35,0.0015385,0.0015409
5,0.36,0.0015808,0.0015835
5,0.37,0.0016199,0.0016228
5,0.38,0.0016589,0.0016616
5,0.39,0.0016974,0.0017005
5,0.4,0.0017358,0.0017388
5,0.41,0.0017769,0.0017799
5,0.42,0.0018147,0.0018178
5,0.43,0.0018524,0.0018556
5,0.44,0.0018897,0.0018929
5,0.45,0.0019264,0.00193
5,0.46,0.0019632,0.0019666
5,0.47,0.0020023,0.0020058
5,0.48,0.0020384,0.0020421
5,0.49,0.0020742,0.0020777
5,0.5,0.0021096,0.0021134
5,0.51,0.0021447,0.0021487
5,0.52,0.0021823,0.0021863
5,0.53,0.0022171,0.0022213
5,0.54,0.0022516,0.0022558
5,0.55,0.0022857,0.0022897
5,0.56,0.0023191,0.0023234
5,0.57,0.0023552,0.0023594
5,0.58,0.0023886,0.0023925
5,0.59,0.0024211,0.0024255
5,0.6,0.0024536,0.0024581
5,0.61,0.0024857,0.0024903
5,0.62,0.0025199,0.0025246
5,0.63,0.0025517,0.0025566
5,0.64,0.0025835,0.0025879
5,0.65,0.0026144,0.0026189
5,0.66,0.0026448,0.0026496
5,0.67,0.0026775,0.0026823
5,0.68,0.0027075,0.0027125
5,0.690000000000001,0.0027373,0.0027423
5,0.7,0.0027667,0.0027717
5,0.71,0.0027958,0.002801
5,0.72,0.0028269,0.002832
5,0.73,0.0028558,0.0028609
5,0.74,0.0028841,0.002889
5,0.75,0.0029119,0.0029169
5,0.76,0.0029395,0.0029445
5,0.77,0.0029689,0.002974
5,0.78,0.0029955,0.0030011
5,0.79,0.0030224,0.0030277
5,0.8,0.0030491,0.0030545
5,0.81,0.0030748,0.0030807
5,0.82,0.0031029,0.0031083
5,0.83,0.0031286,0.0031341
5,0.84,0.0031539,0.0031594
5,0.85,0.0031785,0.0031843
5,0.86,0.0032033,0.0032089
5,0.87,0.0032299,0.0032351
5,0.88,0.0032536,0.0032591
5,0.89,0.0032772,0.003283
5,0.9,0.0033007,0.0033065
5,0.91,0.0033239,0.0033296
5,0.92,0.0033488,0.0033545
5,0.93,0.0033715,0.0033773
5,0.94,0.0033937,0.0033996
5,0.95,0.0034158,0.0034214
5,0.96,0.0034375,0.0034434
5,0.97,0.0034608,0.0034665
5,0.98,0.003482,0.0034878
5,0.99,0.0035028,0.003509
5,1,0.0035236,0.0035294
5,1.01,0.003544,0.0035498
5,1.02,0.003566,0.0035718
5,1.03,0.0035858,0.0035917
5,1.04,0.0036054,0.0036114
5,1.05,0.0036248,0.0036306
5,1.06,0.0036437,0.0036499
5,1.07,0.0036628,0.0036685
5,1.08,0.0036828,0.0036884
5,1.09,0.0037008,0.0037069
5,1.1,0.0037189,0.003725
5,1.11,0.0037368,0.0037429
5,1.12,0.0037543,0.0037606
5,1.13,0.003773,0.0037791
5,1.14,0.0037901,0.0037965
5,1.15,0.0038071,0.0038131
5,1.16,0.0038235,0.0038296
5,1.17,0.0038398,0.0038461
5,1.18,0.0038571,0.0038631
5,1.19,0.0038729,0.0038792
5,1.2,0.0038887,0.0038948
5,1.21,0.003904,0.0039103
5,1.22,0.0039193,0.0039253
5,1.23,0.0039354,0.0039415
5,1.24,0.0039499,0.0039562
5,1.25,0.0039645,0.003971
5,1.26,0.0039784,0.0039849
5,1.27,0.0039927,0.003999
5,1.28,0.0040076,0.0040142
5,1.29,0.0040213,0.0040277
5,1.3,0.0040346,0.0040411
5,1.31,0.004048,0.0040543
5,1.32,0.0040611,0.004067
5,1.33,0.0040748,0.0040811
5,1.34,0.0040873,0.0040936
5,1.35,0.0040997,0.004106
5,1.36,0.004112,0.0041181
5,1.37,0.0041239,0.0041301
5,1.38,0.0041366,0.0041427
5,1.39,0.0041481,0.0041546
5,1.4,0.0041597,0.0041656
5,1.41,0.004171,0.0041769
5,1.42,0.0041817,0.0041881
5,1.43,0.0041933,0.0041997
5,1.44,0.0042041,0.0042103
5,1.45,0.0042143,0.0042205
5,1.46,0.0042251,0.004231
5,1.47,0.0042352,0.004241
5,1.48,0.0042457,0.004252
5,1.49,0.0042555,0.0042618
5,1.5,0.0042651,0.0042711
5,1.51,0.0042748,0.0042808
5,1.52,0.0042842,0.0042902
5,1.53,0.0042938,0.0042998
5,1.54,0.0043027,0.0043087
5,1.55,0.0043113,0.0043176
5,1.56,0.0043201,0.0043262
5,1.57,0.0043286,0.0043347
5,1.58,0.0043375,0.0043438
5,1.59,0.0043458,0.004352
5,1.6,0.0043535,0.0043597
5,1.61,0.0043617,0.0043677
5,1.62,0.0043694,0.0043753
5,1.63,0.004377,0.0043832
5,1.64,0.0043848,0.0043911
5,1.65,0.0043926,0.0043984
5,1.66,0.0043996,0.0044056
5,1.67,0.0044068,0.0044125
5,1.68,0.0044136,0.0044194
5,1.69,0.0044209,0.0044268
5,1.7,0.0044277,0.0044332
5,1.71,0.004434,0.0044398
5,1.72,0.0044405,0.0044464
5,1.73,0.0044468,0.0044526
5,1.74,0.0044535,0.0044594
5,1.75,0.0044595,0.0044654
5,1.76,0.0044654,0.0044712
5,1.77,0.0044714,0.004477
5,1.78,0.0044771,0.0044827
5,1.79,0.004483,0.0044891
5,1.8,0.0044885,0.0044943
5,1.81,0.004494,0.0044999
5,1.82,0.0044993,0.0045053
5,1.83,0.0045046,0.0045102
5,1.84,0.00451,0.0045157
5,1.85,0.0045148,0.0045208
5,1.86,0.0045197,0.0045256
5,1.87,0.0045247,0.0045305
5,1.88,0.0045293,0.004535
5,1.89,0.0045343,0.0045402
5,1.9,0.0045388,0.0045446
5,1.91,0.0045433,0.0045491
5,1.92,0.0045475,0.0045536
5,1.93,0.0045519,0.0045576
5,1.94,0.0045564,0.0045623
5,1.95,0.0045603,0.0045663
5,1.96,0.0045645,0.0045703
5,1.97,0.0045683,0.0045742
5,1.98,0.0045722,0.004578
5,1.99,0.0045762,0.0045819
5,2,0.0045801,0.0045856
5,2.01,0.0045836,0.0045895
5,2.02,0.0045872,0.004593
5,2.03,0.0045908,0.0045966
5,2.04,0.0045945,0.0046001
5,2.05,0.0045977,0.0046033
5,2.06,0.004601,0.0046069
5,2.07,0.0046043,0.0046099
5,2.08,0.0046075,0.004613
5,2.09,0.0046107,0.0046165
5,2.1,0.0046138,0.0046195
5,2.11,0.0046168,0.0046226
5,2.12,0.0046201,0.0046256
5,2.13,0.0046226,0.0046285
5,2.14,0.0046256,0.0046314
5,2.15,0.0046288,0.0046341
5,2.16,0.0046311,0.0046369
5,2.17,0.0046338,0.0046394
5,2.18,0.0046362,0.004642
5,2.19,0.0046392,0.0046449
5,2.2,0.0046416,0.0046474
5,2.21,0.004644,0.0046498
5,2.22,0.0046466,0.0046521
5,2.23,0.0046491,0.0046546
5,2.24,0.0046512,0.0046569
5,2.25,0.0046537,0.0046595
5,2.26,0.0046561,0.0046618
5,2.27,0.0046578,0.0046639
5,2.28,0.0046602,0.0046661
5,2.29,0.0046623,0.004668
5,2.3,0.0046649,0.0046703
5,2.31,0.0046666,0.0046724
5,2.32,0.0046687,0.0046745
5,2.33,0.0046706,0.0046764
5,2.34,0.0046727,0.0046783
5,2.35,0.0046745,0.0046805
5,2.36,0.0046765,0.0046822
5,2.37,0.0046781,0.004684
5,2.38,0.0046801,0.0046858
5,2.39,0.004682,0.0046875
5,2.4,0.0046838,0.0046895
5,2.41,0.0046853,0.0046913
5,2.42,0.0046871,0.0046929
5,2.43,0.0046888,0.0046946
5,2.44,0.0046904,0.004696
5,2.45,0.0046923,0.0046978
5,2.46,0.0046937,0.0046995
5,2.47,0.0046954,0.0047009
5,2.48,0.0046966,0.0047025
5,2.49,0.0046983,0.0047037
5,2.5,0.0046999,0.0047056
5,2.51,0.0047014,0.0047072
5,2.52,0.004703,0.0047084
5,2.53,0.004704,0.0047097
5,2.54,0.0047054,0.0047114
5,2.55,0.0047069,0.0047127
5,2.56,0.0047083,0.004714
5,2.57,0.0047097,0.0047153
5,2.58,0.0047108,0.0047167
5,2.59,0.0047122,0.0047178
5,2.6,0.0047135,0.0047192
5,2.61,0.0047148,0.0047206
5,2.62,0.0047161,0.0047218
5,2.63,0.0047171,0.0047229
5,2.64,0.0047183,0.0047241
5,2.65,0.0047196,0.0047255
5,2.66,0.0047209,0.0047264
5,2.67,0.004722,0.0047275
5,2.68,0.0047229,0.0047286
5,2.69,0.004724,0.0047297
5,2.7,0.0047252,0.0047308
5,2.71,0.0047261,0.0047319
5,2.72,0.0047272,0.004733
5,2.73,0.0047283,0.0047342
5,2.74,0.0047294,0.0047353
5,2.75,0.0047306,0.0047363
5,2.76,0.0047313,0.0047373
5,2.77,0.0047321,0.0047383
5,2.78,0.0047333,0.0047392
5,2.79,0.0047342,0.0047402
5,2.8,0.0047354,0.0047409
5,2.81,0.0047361,0.004742
5,2.82,0.0047374,0.004743
5,2.83,0.0047379,0.0047439
5,2.84,0.0047388,0.0047449
5,2.85,0.0047399,0.0047457
5,2.86,0.0047408,0.0047466
5,2.87,0.0047417,0.0047474
5,2.88,0.0047427,0.0047481
5,2.89,0.0047435,0.004749
5,2.9,0.0047444,0.0047498
5,2.91,0.0047451,0.0047507
5,2.92,0.0047461,0.0047518
5,2.93,0.0047468,0.0047525
5,2.94,0.0047476,0.0047533
5,2.95,0.0047484,0.0047541
5,2.96,0.0047493,0.0047548
5,2.97,0.0047501,0.0047557
5,2.98,0.0047508,0.0047564
5,2.99,0.0047516,0.004757
5,3,0.0047525,0.0047581
5,3.01,0.0047532,0.0047587
5,3.02,0.0047538,0.0047596
5,3.03,0.004754,0.00476
5,3.04,0.0047551,0.0047608
5,3.05,0.0047558,0.0047617
5,3.06,0.004757,0.0047624
5,3.07,0.0047575,0.0047632
5,3.08,0.0047581,0.0047639
5,3.09,0.0047588,0.0047641
5,3.1,0.0047593,0.004765
5,3.11,0.0047601,0.0047659
5,3.12,0.0047607,0.0047664
5,3.13,0.0047613,0.0047671
5,3.14,0.004762,0.0047675
5,3.15,0.0047628,0.0047682
5,3.16,0.0047632,0.0047689
5,3.17,0.004764,0.0047697
5,3.18,0.0047647,0.0047701
5,3.19,0.0047653,0.0047708
5,3.2,0.0047659,0.0047716
5,3.21,0.0047665,0.0047719
5,3.22,0.004767,0.0047725
5,3.23,0.0047677,0.004773
5,3.24,0.004768,0.0047738
5,3.25,0.0047689,0.0047744
5,3.26,0.0047693,0.0047751
5,3.27,0.0047699,0.0047755
5,3.28,0.0047706,0.0047761
5,3.29,0.0047709,0.0047767
5,3.3,0.0047715,0.0047773
5,3.31,0.004772,0.0047779
5,3.32,0.0047725,0.0047783
5,3.33,0.0047731,0.0047787
5,3.34,0.0047738,0.0047793
5,3.35,0.0047743,0.00478
5,3.36,0.0047749,0.0047806
5,3.37,0.0047752,0.0047813
5,3.38,0.0047759,0.0047816
5,3.39,0.0047764,0.0047822
5,3.4,0.0047767,0.0047828
5,3.41,0.0047774,0.0047833
5,3.42,0.0047777,0.0047839
5,3.43,0.0047784,0.0047838
5,3.44,0.0047789,0.0047845
5,3.45,0.0047794,0.0047851
5,3.46,0.0047797,0.0047856
5,3.47,0.0047804,0.0047862
5,3.48,0.0047809,0.0047867
5,3.49,0.0047815,0.004787
5,3.5,0.0047821,0.0047876
5,3.51,0.0047824,0.004788
5,3.52,0.0047829,0.0047886
5,3.53,0.0047832,0.0047891
5,3.54,0.0047838,0.0047895
5,3.55,0.0047844,0.0047898
5,3.56,0.0047847,0.0047904
5,3.57,0.0047852,0.004791
5,3.58,0.0047855,0.0047912
5,3.59,0.0047862,0.0047919
5,3.6,0.0047866,0.0047921
5,3.61,0.0047868,0.0047927
5,3.62,0.0047875,0.0047931
5,3.63,0.0047876,0.0047936
5,3.64,0.0047883,0.0047939
5,3.65,0.0047886,0.0047946
5,3.66,0.004789,0.0047946
5,3.67,0.0047895,0.004795
5,3.68,0.0047902,0.0047953
5,3.69,0.0047904,0.0047961
5,3.7,0.0047906,0.0047966
5,3.71,0.0047913,0.0047967
5,3.72,0.0047916,0.0047973
5,3.73,0.0047916,0.0047974
5,3.74,0.0047923,0.0047979
5,3.75,0.0047924,0.0047984
5,3.76,0.0047931,0.0047988
5,3.77,0.0047936,0.0047993
5,3.78,0.004794,0.0047998
5,3.79,0.0047943,0.0048
5,3.8,0.0047946,0.0048005
5,3.81,0.0047951,0.0048006
5,3.82,0.0047958,0.0048014
5,3.83,0.004796,0.0048014
5,3.84,0.0047964,0.004802
5,3.85,0.0047965,0.0048022
5,3.86,0.0047969,0.0048024
5,3.87,0.0047972,0.004803
5,3.88,0.0047981,0.0048034
5,3.89,0.0047981,0.0048037
5,3.9,0.0047982,0.0048042
5,3.91,0.004799,0.0048044
5,3.92,0.0047992,0.004805
5,3.93,0.0047995,0.0048053
5,3.94,0.0048001,0.0048056
5,3.95,0.0048002,0.0048059
5,3.96,0.004801,0.0048059
5,3.97,0.0048012,0.0048063
5,3.98,0.0048013,0.0048069
5,3.99,0.0048018,0.0048073
5,4,0.004802,0.0048075
5,4.01,0.0048026,0.004808
5,4.02,0.0048029,0.0048082
5,4.03,0.0048033,0.0048088
5,4.04,0.0048036,0.004809
5,4.05,0.0048041,0.0048092
5,4.06,0.0048044,0.0048099
5,4.07,0.0048045,0.0048101
5,4.08,0.0048051,0.0048104
5,4.09,0.0048051,0.0048108
5,4.1,0.0048047,0.0048112
5,4.11,0.0048051,0.0048111
5,4.12,0.0048055,0.0048113
5,4.13,0.0048059,0.0048119
5,4.14,0.0048063,0.0048119
5,4.15,0.0048066,0.0048123
5,4.16,0.0048068,0.0048127
5,4.17,0.0048073,0.004813
5,4.18,0.0048076,0.0048131
5,4.19,0.0048078,0.0048137
5,4.2,0.0048084,0.0048143
5,4.21,0.0048086,0.0048144
5,4.22,0.0048089,0.0048149
5,4.23,0.0048092,0.0048151
5,4.24,0.0048095,0.0048154
5,4.25,0.0048099,0.0048158
5,4.26,0.0048104,0.0048159
5,4.27,0.0048104,0.0048163
5,4.28,0.0048107,0.0048166
5,4.29,0.0048113,0.004817
5,4.3,0.0048115,0.0048171
5,4.31,0.0048116,0.0048175
5,4.32,0.0048119,0.0048179
5,4.33,0.0048125,0.0048184
5,4.34,0.004813,0.0048186
5,4.35,0.0048131,0.0048188
5,4.36,0.0048137,0.004819
5,4.37,0.0048136,0.0048193
5,4.38,0.0048141,0.0048197
5,4.39,0.0048143,0.00482
5,4.4,0.0048146,0.00482
5,4.41,0.0048149,0.0048207
5,4.42,0.0048153,0.0048208
5,4.43,0.0048156,0.004821
5,4.44,0.004816,0.0048215
5,4.45,0.0048163,0.0048219
5,4.46,0.0048164,0.0048221
5,4.47,0.0048168,0.0048223
5,4.48,0.0048171,0.0048225
5,4.49,0.0048174,0.0048229
5,4.5,0.0048181,0.0048234
5,4.51,0.004818,0.0048235
5,4.52,0.0048184,0.0048238
5,4.53,0.0048188,0.0048243
5,4.54,0.0048191,0.0048245
5,4.55,0.0048195,0.0048249
5,4.56,0.0048195,0.004825
5,4.57,0.0048201,0.0048253
5,4.58,0.0048203,0.0048257
5,4.59,0.0048204,0.0048258
5,4.6,0.0048209,0.0048261
5,4.61,0.004821,0.0048267
5,4.62,0.0048212,0.0048267
5,4.63,0.0048215,0.0048272
5,4.64,0.0048218,0.0048275
5,4.65,0.0048221,0.0048277
5,4.66,0.0048223,0.0048284
5,4.67,0.0048229,0.0048282
5,4.68,0.0048231,0.0048286
5,4.69,0.0048232,0.0048291
5,4.7,0.0048236,0.0048293
5,4.71,0.0048238,0.0048279
5,4.72,0.004824,0.0048288
5,4.73,0.0048244,0.0048287
5,4.74,0.0048247,0.0048292
5,4.75,0.004825,0.0048296
5,4.76,0.0048254,0.0048299
5,4.77,0.0048255,0.0048305
5,4.78,0.0048259,0.004831
5,4.79,0.0048266,0.004831
5,4.8,0.0048269,0.0048316
5,4.81,0.004827,0.0048317
5,4.82,0.0048272,0.0048322
5,4.83,0.0048276,0.0048327
5,4.84,0.0048278,0.0048328
5,4.85,0.0048282,0.0048332
5,4.86,0.0048284,0.0048334
5,4.87,0.0048289,0.0048338
5,4.88,0.004829,0.004834
5,4.89,0.0048295,0.0048346
5,4.9,0.0048298,0.0048347
5,4.91,0.00483,0.0048351
5,4.92,0.0048303,0.0048353
5,4.93,0.0048306,0.0048359
5,4.94,0.004831,0.004836
5,4.95,0.0048313,0.0048365
5,4.96,0.0048319,0.004837
5,4.97,0.0048324,0.0048373
5,4.98,0.0048324,0.0048377
5,4.99,0.004833,0.0048379
5,5,0.0048332,0.0048383
